wellbore_name,core_length,unit_name,unit_level,completion_date,unit_id,wellbore_id
1/2-1,5,BALDER FM,FORMATION,1989-04-06,6,1382
1/2-2,45,FORTIES FM,FORMATION,2006-02-02,44,5192
1/3-1,19,TOR FM,FORMATION,1968-11-11,171,154
1/3-3,67,VESTLAND GP,GROUP,1983-03-24,186,87
1/3-4,1,TOR FM,FORMATION,1983-08-05,171,2
1/3-5,9,ROTLIEGEND GP,GROUP,1985-11-02,136,223
1/3-6,8,ROGALAND GP,GROUP,1991-06-22,131,1521
1/3-7,75,ROGALAND GP,GROUP,1995-05-25,131,2505
1/3-8,15,ULA FM,FORMATION,1997-05-27,179,2829
1/3-9 S,105,VESTLAND GP,GROUP,1998-07-31,186,3362
1/3-10,23,SELE FM,FORMATION,2008-07-01,142,5614
1/3-11,29,FORTIES FM,FORMATION,2008-08-30,44,5806
1/3-12 S,8,NO GROUP DEFINED,GROUP,2010-07-22,208,6260
1/6-1,12,SHETLAND GP,GROUP,1972-11-26,143,239
1/6-2,15,TOR FM,FORMATION,1973-12-01,171,240
1/6-3,115,EKOFISK FM,FORMATION,1974-11-09,33,241
1/6-5,4,TOR FM,FORMATION,1990-02-09,171,1508
1/6-6,10,NO GROUP DEFINED,GROUP,1993-08-03,208,1839
1/6-7,46,HAUGESUND FM,FORMATION,1992-12-07,57,1928
1/9-1,128,TOR FM,FORMATION,1977-02-17,171,243
1/9-2,25,TOR FM,FORMATION,1977-12-08,171,244
1/9-3 R,27,ROGALAND GP,GROUP,1978-09-30,131,246
1/9-4,60,TOR FM,FORMATION,1978-12-01,171,247
1/9-5,18,EKOFISK FM,FORMATION,1978-12-16,33,248
1/9-6 S,182,SHETLAND GP,GROUP,1982-01-12,143,44
1/9-7,31,SHETLAND GP,GROUP,2003-02-08,143,4652
2/1-1,12,EKOFISK FM,FORMATION,1972-11-14,33,249
2/1-2,18,ULA FM,FORMATION,1978-02-26,179,250
2/1-3,51,ULA FM,FORMATION,1980-03-29,179,251
2/1-4,97,NO FORMAL NAME,FORMATION,1982-03-08,111,48
2/1-5,18,TYNE GP,GROUP,1983-05-04,177,63
2/1-6,226,TYNE GP,GROUP,1984-12-08,177,109
2/1-7,30,ROTLIEGEND GP,GROUP,1985-06-03,136,137
2/1-8,60,TYNE GP,GROUP,1985-11-23,177,459
2/1-9,29,TYNE GP,GROUP,1991-06-07,177,1667
2/1-9 A,178,VESTLAND GP,GROUP,1992-08-03,186,1867
2/1-10,95,ULA FM,FORMATION,1992-01-14,179,1865
2/1-13 S,27,VESTLAND GP,GROUP,2009-07-03,186,5975
2/2-1,1,FARSUND FM,FORMATION,1982-03-07,39,46
2/2-2,15,VADE FM,FORMATION,1982-08-27,184,80
2/2-3,17,VESTLAND GP,GROUP,1983-11-05,186,3
2/2-5,45,VESTLAND GP,GROUP,1992-02-19,186,1846
2/4-2,26,TOR FM,FORMATION,1969-12-24,171,172
2/4-3,84,SHETLAND GP,GROUP,1970-05-31,143,97
2/4-4,1,EKOFISK FM,FORMATION,1970-01-08,33,174
2/4-5,60,TOR FM,FORMATION,1970-08-27,171,177
2/4-6,61,EKOFISK FM,FORMATION,1970-10-12,33,181
2/4-7,133,SHETLAND GP,GROUP,1971-08-10,143,196
2/4-8,142,TOR FM,FORMATION,1972-03-29,171,252
2/4-12,14,ROGALAND GP,GROUP,1975-08-09,131,256
2/4-15 S,3,SHETLAND GP,GROUP,1990-03-16,143,1371
2/4-17,1,HAUGESUND FM,FORMATION,1992-02-29,57,1792
2/4-18 R,12,FARSUND FM,FORMATION,1994-10-07,39,2253
2/4-21,63,FARSUND FM,FORMATION,2012-05-24,39,6736
2/5-1,244,SHETLAND GP,GROUP,1970-11-22,143,178
2/5-2,54,SHETLAND GP,GROUP,1971-04-20,143,188
2/5-3,72,EKOFISK FM,FORMATION,1972-06-15,33,258
2/5-5,37,TOR FM,FORMATION,1973-09-02,171,260
2/5-6,10,TYNE GP,GROUP,1978-08-16,177,261
2/5-7,33,SHETLAND GP,GROUP,1984-02-24,143,25
2/5-8,27,EKOFISK FM,FORMATION,1988-05-11,33,1308
2/5-10,7,TYNE GP,GROUP,1993-08-26,177,2044
2/5-10 A,4,TYNE GP,GROUP,1993-09-25,177,2194
2/5-11,76,TOR FM,FORMATION,1997-11-14,171,3084
2/6-1,9,ULA FM,FORMATION,1969-05-30,179,160
2/6-2,15,TYNE GP,GROUP,1980-05-25,177,224
2/6-3,8,BRYNE FM,FORMATION,1983-02-25,19,64
2/6-4 S,4,HORDALAND GP,GROUP,1990-02-06,67,1527
2/6-5,45,TOR FM,FORMATION,1997-11-01,171,2885
2/6-6 S,30,ROGALAND GP,GROUP,2019-01-18,131,8560
2/7-1,30,EKOFISK FM,FORMATION,1970-11-12,33,179
2/7-2,14,SHETLAND GP,GROUP,1971-02-03,143,187
2/7-3,20,SHETLAND GP,GROUP,1972-11-10,143,262
2/7-4,52,TOR FM,FORMATION,1972-03-09,171,263
2/7-5,77,TOR FM,FORMATION,1973-01-01,171,264
2/7-13,17,EKOFISK FM,FORMATION,1979-04-21,33,272
2/7-14,22,ROGALAND GP,GROUP,1980-01-20,131,116
2/7-15,10,FARSUND FM,FORMATION,1980-02-06,39,225
2/7-16,209,SHETLAND GP,GROUP,1980-12-07,143,232
2/7-19,17,SHETLAND GP,GROUP,1981-02-02,143,1367
2/7-20,32,UNDEFINED GP,GROUP,1988-06-25,191,1062
2/7-21 S,147,NO GROUP DEFINED,GROUP,1990-09-01,208,1394
2/7-23 S,289,NO GROUP DEFINED,GROUP,1990-11-21,208,1547
2/7-24,17,TYNE GP,GROUP,1991-04-13,177,1613
2/7-25 S,26,ELDFISK FM,FORMATION,1991-03-31,34,1679
2/7-26 S,12,FARSUND FM,FORMATION,1991-09-13,39,1756
2/7-27 S,25,SHETLAND GP,GROUP,1992-06-17,143,1878
2/7-28,18,FARSUND FM,FORMATION,1992-07-08,39,1906
2/7-29,94,TYNE GP,GROUP,1994-06-01,177,2124
2/7-30,10,VÅLE FM,FORMATION,1995-10-04,190,2394
2/7-31,41,ROTLIEGEND GP,GROUP,1999-09-06,136,3573
2/8-2,9,EKOFISK FM,FORMATION,1970-07-30,33,155
2/8-6,12,HOD FM,FORMATION,1975-06-30,66,276
2/8-7,2,EKOFISK FM,FORMATION,1975-08-24,33,277
2/8-8,43,HOD FM,FORMATION,1976-03-15,66,278
2/8-9,39,SHETLAND GP,GROUP,1976-06-27,143,279
2/8-10,22,SHETLAND GP,GROUP,1976-08-29,143,280
2/8-11,7,HOD FM,FORMATION,1976-11-10,66,1224
2/8-12 S,17,NO GROUP DEFINED,GROUP,1989-04-27,208,1351
2/8-13,2,ZECHSTEIN GP,GROUP,1989-06-22,194,1383
2/8-15,52,SHETLAND GP,GROUP,1996-09-01,143,2636
2/8-17 S,87,SHETLAND GP,GROUP,1998-01-17,143,3210
2/8-18 S,36,SHETLAND GP,GROUP,2012-07-13,143,6747
2/9-2,18,TYNE GP,GROUP,1979-04-09,177,283
2/9-3,4,BRYNE FM,FORMATION,1989-12-14,19,1443
2/10-2,11,SHETLAND GP,GROUP,1993-04-25,143,2050
2/11-1,15,FARSUND FM,FORMATION,1969-03-10,39,168
2/11-2,9,SHETLAND GP,GROUP,1974-12-29,143,285
2/11-3,36,SHETLAND GP,GROUP,1977-03-12,143,286
2/11-4,7,LISTA FM,FORMATION,1978-05-18,95,96
2/11-6 S,19,SHETLAND GP,GROUP,1982-02-25,143,289
2/11-8,10,NO GROUP DEFINED,GROUP,1991-11-07,208,1715
2/11-9,14,UNDEFINED GP,GROUP,1993-12-23,191,2153
2/11-10 S,4,EKOFISK FM,FORMATION,1994-06-14,33,2297
2/12-1,37,ULA FM,FORMATION,1987-12-03,179,1014
2/12-2 S,7,TYNE GP,GROUP,1990-09-14,177,1416
3/4-1,18,ULA FM,FORMATION,1994-02-26,179,2222
3/6-1,3,ROGALAND GP,GROUP,2000-10-07,131,4117
3/7-1,6,BASEMENT,GROUP,1973-09-13,10,292
3/7-2,8,VESTLAND GP,GROUP,1981-06-20,186,220
3/7-3,10,CROMER KNOLL GP,GROUP,1981-08-31,23,293
3/7-4,57,SANDNES FM,FORMATION,1990-01-23,139,1467
3/7-5,9,SANDNES FM,FORMATION,1992-07-02,139,1759
3/7-6,10,TYNE GP,GROUP,1996-11-30,177,2891
3/7-7,54,FARSUND FM,FORMATION,2008-10-27,39,5932
3/7-8 S,2,TYNE GP,GROUP,2013-03-03,177,7058
6/3-1,137,NO GROUP DEFINED,GROUP,1985-01-02,208,450
6/3-2,65,SHETLAND GP,GROUP,1986-10-03,143,862
7/1-1,18,HOD FM,FORMATION,1971-05-08,66,192
7/3-1,4,ZECHSTEIN GP,GROUP,1969-10-06,194,164
7/4-1,7,VESTLAND GP,GROUP,1993-08-21,186,2136
7/4-2,4,FARSUND FM,FORMATION,2008-03-13,39,5683
7/7-1,17,NO GROUP DEFINED,GROUP,1990-02-20,208,1492
7/7-2,21,HEGRE GP,GROUP,1992-04-25,61,1868
7/7-3,4,FARSUND FM,FORMATION,1993-04-07,39,2113
7/8-3,1,NO GROUP DEFINED,GROUP,1983-12-12,208,28
7/8-4,1,MANDAL FM,FORMATION,1985-02-20,101,448
7/9-1,5,EKOFISK FM,FORMATION,1971-05-29,33,191
7/11-1,20,FORTIES FM,FORMATION,1968-06-15,44,149
7/11-2,16,FORTIES FM,FORMATION,1968-10-14,44,156
7/11-3,37,ROGALAND GP,GROUP,1969-07-02,131,159
7/11-5,70,VESTLAND GP,GROUP,1982-10-06,186,42
7/11-6,13,NO GROUP DEFINED,GROUP,1982-10-20,208,86
7/11-7,46,NO GROUP DEFINED,GROUP,1983-12-25,208,57
7/11-8,19,SMITH BANK FM,FORMATION,1983-12-12,149,30
7/11-9,26,HEGRE GP,GROUP,1986-09-03,61,856
7/11-10 S,8,SMITH BANK FM,FORMATION,1990-10-09,149,1563
7/11-11 S,109,ULA FM,FORMATION,2007-10-06,179,5474
7/12-2,18,NO GROUP DEFINED,GROUP,1976-09-23,208,295
7/12-3,16,RØDBY FM,FORMATION,1977-03-06,137,296
7/12-3 A,86,ULA FM,FORMATION,1977-06-09,179,297
7/12-4,28,BRYNE FM,FORMATION,1977-12-12,19,298
7/12-5,56,ULA FM,FORMATION,1981-07-06,179,299
7/12-6,126,SKAGERRAK FM,FORMATION,1981-07-24,146,281
7/12-7,41,ULA FM,FORMATION,1988-07-26,179,1287
7/12-8,26,ULA FM,FORMATION,1988-12-23,179,1311
7/12-9,12,FARSUND FM,FORMATION,1990-05-14,39,1470
7/12-10,28,VESTLAND GP,GROUP,1991-08-29,186,1557
7/12-11,9,NO GROUP DEFINED,GROUP,1991-06-11,208,1787
8/3-1,5,VESTLAND GP,GROUP,1966-10-10,186,142
8/3-2,13,VESTLAND GP,GROUP,1982-04-12,186,89
8/10-4 S,45,ULA FM,FORMATION,2011-10-27,179,6630
8/10-5 S,10,HEGRE GP,GROUP,2014-04-03,61,7291
8/10-6 S,53,TYNE GP,GROUP,2014-07-16,177,7485
8/12-1,6,EKOFISK FM,FORMATION,1971-07-23,33,193
9/2-1,13,BOKNFJORD GP,GROUP,1987-04-28,15,1038
9/2-2,45,VESTLAND GP,GROUP,1987-09-21,186,1135
9/2-3,28,SANDNES FM,FORMATION,1990-08-02,139,1294
9/2-4 S,17,VESTLAND GP,GROUP,1994-11-04,186,2258
9/2-5,38,VESTLAND GP,GROUP,1995-07-21,186,2599
9/2-6 S,50,SANDNES FM,FORMATION,1996-10-15,139,2867
9/2-7 S,54,VESTLAND GP,GROUP,1997-10-06,186,3087
9/2-8 S,84,SANDNES FM,FORMATION,1998-02-02,139,3126
9/2-9 S,16,VESTLAND GP,GROUP,1999-09-17,186,3703
9/3-1,7,SANDNES FM,FORMATION,1986-04-09,139,921
9/4-5,19,ROTLIEGEND GP,GROUP,2006-01-08,136,5134
9/8-1,17,ZECHSTEIN GP,GROUP,1968-06-29,194,145
9/10-1,9,SHETLAND GP,GROUP,1970-09-18,143,183
9/11-1,9,SAUDA FM,FORMATION,1971-08-19,141,194
10/7-1,4,VESTLAND GP,GROUP,1992-07-30,186,1972
15/2-1,22,VESTLAND GP,GROUP,1982-02-24,186,308
15/3-1 S,20,VIKING GP,GROUP,1975-06-07,188,309
15/3-2 R,20,VIKING GP,GROUP,1977-11-27,188,311
15/3-3,40,VIKING GP,GROUP,1979-09-08,188,313
15/3-4,5,GRID FM,FORMATION,1982-03-30,53,314
15/3-6,21,INTRA BALDER FM SS,FORMATION,1999-05-01,7,3250
15/3-7,46,VESTLAND GP,GROUP,2001-01-09,186,4055
15/3-8,159,VIKING GP,GROUP,2006-11-04,188,5175
15/3-9,23,VIKING GP,GROUP,2010-08-13,188,6354
15/3-11,100,VESTLAND GP,GROUP,2018-09-08,186,8489
15/5-1,45,HUGIN FM,FORMATION,1978-08-04,69,315
15/5-2,15,VESTLAND GP,GROUP,1978-12-16,186,316
15/5-3,4,UNDEFINED GP,GROUP,1980-07-12,191,207
15/5-4,27,SELE FM,FORMATION,1991-03-07,142,1762
15/5-5,38,ROGALAND GP,GROUP,1995-05-10,131,2635
15/5-6,22,ROGALAND GP,GROUP,1997-07-16,131,3113
15/5-7,114,VESTLAND GP,GROUP,2008-07-09,186,5842
15/6-2 R,3,SLEIPNER FM,FORMATION,1974-01-08,148,517
15/6-3,126,VESTLAND GP,GROUP,1974-12-19,186,318
15/6-4,19,VESTLAND GP,GROUP,1976-08-16,186,319
15/6-5,52,VESTLAND GP,GROUP,1977-11-29,186,320
15/6-6,23,SLEIPNER FM,FORMATION,1982-09-06,148,38
15/6-7,16,SKAGERRAK FM,FORMATION,1993-08-06,146,2084
15/6-8 A,10,ROGALAND GP,GROUP,1997-04-18,131,3077
15/6-8 S,2,HUGIN FM,FORMATION,1997-05-04,69,3014
15/6-9 S,33,HUGIN FM,FORMATION,2007-05-27,69,5494
15/6-11 A,33,HUGIN FM,FORMATION,2011-03-13,69,6526
15/6-13,15,HUGIN FM,FORMATION,2015-05-15,69,7667
15/8-1,47,HUGIN FM,FORMATION,1982-07-01,69,321
15/9-1,9,VIKING GP,GROUP,1977-05-30,188,322
15/9-2,157,HUGIN FM,FORMATION,1978-06-17,69,323
15/9-3,68,VESTLAND GP,GROUP,1979-03-04,186,324
15/9-4,150,VESTLAND GP,GROUP,1979-06-14,186,325
15/9-5,133,VESTLAND GP,GROUP,1980-11-04,186,326
15/9-6,2,SLEIPNER FM,FORMATION,1980-07-09,148,231
15/9-7,3,VIKING GP,GROUP,1981-04-29,188,218
15/9-8,45,HUGIN FM,FORMATION,1981-05-25,69,327
15/9-9,11,ROTLIEGEND GP,GROUP,1981-07-14,136,328
15/9-10,1,HEATHER FM,FORMATION,1981-07-11,60,69
15/9-11,94,HEIMDAL FM,FORMATION,1981-12-23,62,329
15/9-12,6,VIKING GP,GROUP,1982-02-27,188,330
15/9-13,14,TOR FM,FORMATION,1982-05-27,171,45
15/9-14,19,SLEIPNER FM,FORMATION,1982-06-27,148,71
15/9-15,57,HEGRE GP,GROUP,1982-01-08,61,74
15/9-16,10,TOR FM,FORMATION,1982-08-24,171,79
15/9-17,53,SKAGERRAK FM,FORMATION,1983-03-30,146,60
15/9-18,7,VIKING GP,GROUP,1984-02-03,188,36
15/9-19 A,127,HUGIN FM,FORMATION,1997-09-11,69,3145
15/9-19 B,67,HUGIN FM,FORMATION,1998-02-02,69,3251
15/9-19 SR,12,HUGIN FM,FORMATION,1993-04-29,69,2105
15/9-21 S,19,INTRA HEATHER FM SS,FORMATION,1998-05-23,59,3334
15/12-1,8,SHETLAND GP,GROUP,1975-06-09,143,94
15/12-2,12,HUGIN FM,FORMATION,1976-02-27,69,331
15/12-3,7,ZECHSTEIN GP,GROUP,1980-12-22,194,199
15/12-4,8,VESTLAND GP,GROUP,1984-10-31,186,438
15/12-5,20,HEATHER FM,FORMATION,1986-04-05,60,113
15/12-6 S,91,VESTLAND GP,GROUP,1990-04-11,186,1524
15/12-7 S,8,INTRA HEATHER FM SS,FORMATION,1991-07-01,59,1680
15/12-8 A,15,VESTLAND GP,GROUP,1991-07-29,186,1835
15/12-9 S,19,SLEIPNER FM,FORMATION,1992-08-10,148,1978
15/12-10 S,2,SLEIPNER FM,FORMATION,1996-04-11,148,2285
15/12-11 S,19,VESTLAND GP,GROUP,1997-05-19,186,3074
15/12-12,112,VIKING GP,GROUP,2001-09-02,188,3391
15/12-19,156,SKAGERRAK FM,FORMATION,2008-05-20,146,5705
15/12-20 S,24,NO GROUP DEFINED,GROUP,2008-01-07,208,5824
15/12-21,38,SLEIPNER FM,FORMATION,2009-05-21,148,6047
15/12-23,5,VESTLAND GP,GROUP,2010-05-29,186,6327
15/12-23 A,126,VESTLAND GP,GROUP,2010-07-18,186,6404
16/1-1,16,BALDER FM,FORMATION,1967-10-12,6,147
16/1-3,10,ROGALAND GP,GROUP,1982-09-27,131,84
16/1-4,6,BASEMENT,GROUP,1993-04-13,10,2072
16/1-5,41,VIKING GP,GROUP,1998-11-21,188,3279
16/1-5 A,27,INTRA HEATHER FM SS,FORMATION,1998-06-12,59,3626
16/1-6 S,27,ROGALAND GP,GROUP,2003-07-06,131,4711
16/1-8,14,NO GROUP DEFINED,GROUP,2007-11-13,208,5612
16/1-9,9,SLEIPNER FM,FORMATION,2008-04-22,148,5773
16/1-10,22,SHETLAND GP,GROUP,2009-05-02,143,5879
16/1-11,15,SLEIPNER FM,FORMATION,2010-04-26,148,6157
16/1-12,1,VIKING GP,GROUP,2009-08-09,188,6166
16/1-13,1,INTRA DRAUPNE FM SS,FORMATION,2010-01-21,26,6232
16/1-14,19,DRAUPNE FM,FORMATION,2010-11-30,28,6399
16/1-15,2,ÅSGARD FM,FORMATION,2011-05-04,198,6517
16/1-15 A,1,ÅSGARD FM,FORMATION,2011-05-13,198,6593
16/1-16,13,SKAGERRAK FM,FORMATION,2012-07-12,146,6823
16/1-17,2,SOLA FM,FORMATION,2013-03-20,152,7113
16/1-18,83,SKAGERRAK FM,FORMATION,2014-05-14,146,7314
16/1-19 S,13,CROMER KNOLL GP,GROUP,2013-10-25,23,7255
16/1-20 A,45,VESTLAND GP,GROUP,2013-10-21,186,7256
16/1-21 A,30,HEGRE GP,GROUP,2015-04-20,61,7530
16/1-21 S,30,HEATHER FM,FORMATION,2015-03-03,60,7529
16/1-22 S,3,HEATHER FM,FORMATION,2015-05-27,60,7531
16/1-23 S,117,SKAGERRAK FM,FORMATION,2015-08-25,146,7532
16/1-25 S,20,BASEMENT,GROUP,2015-12-26,10,7775
16/1-27,1,ÅSGARD FM,FORMATION,2017-11-04,198,8124
16/1-29 S,15,ZECHSTEIN GP,GROUP,2018-03-06,194,8383
16/2-1,83,SHETLAND GP,GROUP,1967-09-08,143,144
16/2-3,1,EKOFISK FM,FORMATION,2007-09-28,33,5551
16/2-4,2,EKOFISK FM,FORMATION,2007-12-15,33,5625
16/2-5,97,NO FORMAL NAME,FORMATION,2009-05-13,111,6042
16/2-6,3,SKAGERRAK FM,FORMATION,2010-09-20,146,6374
16/2-7,4,DRAUPNE FM,FORMATION,2011-01-09,28,6561
16/2-7 A,2,DRAUPNE FM,FORMATION,2011-09-29,28,6711
16/2-8,2,STATFJORD GP,GROUP,2011-08-19,157,6562
16/2-9 S,33,SKAGERRAK FM,FORMATION,2011-09-24,146,6615
16/2-10,39,HUGIN FM,FORMATION,2011-10-28,69,6715
16/2-11,7,SKAGERRAK FM,FORMATION,2012-03-29,146,6742
16/2-11 A,4,SKAGERRAK FM,FORMATION,2012-04-05,146,6849
16/2-12,1,ÅSGARD FM,FORMATION,2012-06-09,198,6952
16/2-13 A,36,VIKING GP,GROUP,2012-09-29,188,7028
16/2-13 S,6,HEGRE GP,GROUP,2012-08-30,61,6888
16/2-14,12,SKADE FM,FORMATION,2012-11-17,145,6898
16/2-15,24,UNDIFFERENTIATED,FORMATION,2013-01-13,182,6979
16/2-16,20,EIRIKSSON FM,FORMATION,2012-12-12,32,7047
16/2-16 A,11,INTRA DRAUPNE FM SS,FORMATION,2013-07-02,26,7107
16/2-17 B,3,ÅSGARD FM,FORMATION,2013-06-16,198,7175
16/2-17 S,38,VIKING GP,GROUP,2013-05-20,188,7085
16/2-18 S,11,BASEMENT,GROUP,2013-08-08,10,7220
16/2-19,6,ÅSGARD FM,FORMATION,2014-03-04,198,7403
16/2-19 A,22,SKAGERRAK FM,FORMATION,2014-03-05,146,7456
16/2-20 A,14,ÅSGARD FM,FORMATION,2014-02-16,198,7316
16/2-20 S,5,ÅSGARD FM,FORMATION,2013-11-21,198,7181
16/2-21,3,DRAUPNE FM,FORMATION,2013-07-06,28,7169
16/2-22 S,13,DRAUPNE FM,FORMATION,2017-01-28,28,8083
16/3-2,2,BASEMENT,GROUP,1976-08-03,10,334
16/3-4,12,DRAUPNE FM,FORMATION,2011-06-28,28,6553
16/3-4 A,1,BASEMENT,GROUP,2011-07-18,10,6629
16/3-5,19,VIKING GP,GROUP,2013-07-03,188,7046
16/3-6,3,BASEMENT,GROUP,2013-07-16,10,7182
16/3-7,13,DRAUPNE FM,FORMATION,2013-08-11,28,7276
16/3-8 S,13,INTRA DRAUPNE FM SS,FORMATION,2014-03-16,26,7302
16/4-1,2,BASEMENT,GROUP,1984-11-18,10,229
16/4-2,6,HORDALAND GP,GROUP,1990-07-29,67,1560
16/4-4,26,ROGALAND GP,GROUP,2007-03-23,131,5441
16/4-5,2,CROMER KNOLL GP,GROUP,2010-07-03,23,6216
16/4-6 S,8,SHETLAND GP,GROUP,2013-03-05,143,7098
16/4-8 S,74,SKAGERRAK FM,FORMATION,2014-08-26,146,7415
16/4-9 S,80,HEGRE GP,GROUP,2015-08-16,61,7631
16/4-10,11,ÅSGARD FM,FORMATION,2016-07-03,198,7731
16/4-11,8,ROTLIEGEND GP,GROUP,2018-01-04,136,8353
16/5-1,13,BASEMENT,GROUP,1971-08-02,10,189
16/5-2 S,3,SOLA FM,FORMATION,2012-01-28,152,6720
16/5-3,14,VIKING GP,GROUP,2013-03-20,188,7123
16/5-4,6,INTRA DRAUPNE FM SS,FORMATION,2013-09-28,26,7258
16/5-5,45,HEGRE GP,GROUP,2013-12-29,61,7285
16/6-1,4,BASEMENT,GROUP,1968-01-19,10,148
16/7-1,15,LISTA FM,FORMATION,1967-09-24,95,146
16/7-2,2,LISTA FM,FORMATION,1982-03-30,95,40
16/7-3,22,HUGIN FM,FORMATION,1982-07-27,69,75
16/7-4,94,HEGRE GP,GROUP,1982-06-12,61,91
16/7-5,9,NO GROUP DEFINED,GROUP,1984-03-08,208,134
16/7-6,3,UNDIFFERENTIATED,FORMATION,1997-07-24,182,3067
16/7-7 S,27,CROMER KNOLL GP,GROUP,1997-12-29,23,3244
16/7-8 S,3,VESTLAND GP,GROUP,2003-01-19,186,4612
16/9-1,18,HORDALAND GP,GROUP,1968-12-07,67,151
16/10-1,27,VIKING GP,GROUP,1986-07-14,188,901
16/10-4,23,VESTLAND GP,GROUP,1998-10-08,186,3531
17/3-1,3,BASEMENT,GROUP,1995-08-20,10,2576
17/4-1,3,ROTLIEGEND GP,GROUP,1968-08-26,136,153
17/9-1,11,NO FORMAL NAME,FORMATION,1973-10-23,111,337
17/9-1 R,5,NO GROUP DEFINED,GROUP,1974-11-06,208,515
17/11-2,8,NO GROUP DEFINED,GROUP,1976-05-17,208,338
17/12-2,3,NO GROUP DEFINED,GROUP,1973-09-10,208,340
17/12-4,73,VESTLAND GP,GROUP,2009-10-07,186,6137
18/10-1,48,VESTLAND GP,GROUP,1980-01-01,186,342
18/11-1,4,BASEMENT,GROUP,1974-03-31,10,343
24/6-1,54,HUGIN FM,FORMATION,1985-08-25,69,443
24/6-2,32,LISTA FM,FORMATION,1998-08-07,95,3397
24/6-4,54,HEIMDAL FM,FORMATION,2003-02-06,62,4745
24/9-1,18,VIKING GP,GROUP,1976-03-07,188,344
24/9-3,16,FRIGG FM,FORMATION,1981-04-15,45,346
24/9-4,11,HORDALAND GP,GROUP,1991-06-17,67,1714
24/9-5,37,ROGALAND GP,GROUP,1994-01-26,131,2244
24/9-6,11,INTRA BALDER FM SS,FORMATION,1994-07-03,7,2288
24/9-7,85,NO FORMAL NAME,FORMATION,2004-03-25,111,4910
24/9-7 B,56,NO FORMAL NAME,FORMATION,2004-02-04,111,4926
24/9-9 S,54,HERMOD FM,FORMATION,2009-07-10,64,6222
24/9-10 S,54,HERMOD FM,FORMATION,2011-02-02,64,6531
24/9-12 S,6,ROGALAND GP,GROUP,2018-08-02,131,8331
24/12-1 R,11,VIKING GP,GROUP,1978-08-14,188,513
24/12-2,18,VIKING GP,GROUP,1982-01-21,188,348
24/12-3 S,2,LISTA FM,FORMATION,1996-07-29,95,2823
25/1-1,22,SHETLAND GP,GROUP,1971-07-22,143,190
25/1-3,3,ROGALAND GP,GROUP,1972-01-27,131,349
25/1-4,83,HORDALAND GP,GROUP,1974-05-30,67,350
25/1-5,13,HORDALAND GP,GROUP,1975-12-09,67,351
25/1-6,9,HORDALAND GP,GROUP,1978-03-18,67,352
25/1-7,19,INTRA BALDER FM SS,FORMATION,1985-05-26,7,463
25/1-8 S,140,FRIGG FM,FORMATION,1985-07-25,45,472
25/1-9,60,FRIGG FM,FORMATION,1986-12-10,45,1001
25/2-1,23,FRIGG FM,FORMATION,1973-09-21,45,353
25/2-2,21,FRIGG FM,FORMATION,1974-11-07,45,354
25/2-4,82,VESTLAND GP,GROUP,1975-10-20,186,356
25/2-5,9,SLEIPNER FM,FORMATION,1976-04-08,148,357
25/2-6,9,STATFJORD GP,GROUP,1977-11-15,157,358
25/2-7,16,DUNLIN GP,GROUP,1982-12-07,29,47
25/2-8,4,BALDER FM,FORMATION,1984-01-08,6,131
25/2-9,4,INTRA BALDER FM SS,FORMATION,1985-07-24,7,477
25/2-10 S,19,ROGALAND GP,GROUP,1986-03-19,131,855
25/2-11,21,HORDALAND GP,GROUP,1987-10-05,67,1036
25/2-12,1,HEATHER FM,FORMATION,1988-12-11,60,1290
25/2-13,2,VIKING GP,GROUP,1990-01-25,188,1459
25/2-14,33,VESTLAND GP,GROUP,1991-03-30,186,1712
25/2-15 R2,5,HEATHER FM,FORMATION,1993-11-04,60,2116
25/2-17,58,HORDALAND GP,GROUP,2009-11-10,67,6215
25/2-18 S,5,HEATHER FM,FORMATION,2016-11-09,60,8023
25/3-1,8,HUGIN FM,FORMATION,1989-05-09,69,1419
25/4-1,39,HEIMDAL FM,FORMATION,1972-09-12,62,359
25/4-2,1,HEIMDAL FM,FORMATION,1973-06-12,62,360
25/4-3,11,ROGALAND GP,GROUP,1974-11-22,131,361
25/4-4,13,HEIMDAL FM,FORMATION,1975-07-07,62,362
25/4-5,36,VESTLAND GP,GROUP,1981-03-26,186,201
25/4-6 S,14,DUNLIN GP,GROUP,1991-08-24,29,1703
25/4-7,52,HEIMDAL FM,FORMATION,2003-04-17,62,4716
25/4-8,52,ROGALAND GP,GROUP,2003-06-22,131,4765
25/4-9 S,18,HEIMDAL FM,FORMATION,2003-09-29,62,4278
25/5-1,63,SLEIPNER FM,FORMATION,1987-01-08,148,884
25/5-2,10,HEATHER FM,FORMATION,1989-04-07,60,1346
25/5-3,18,VESTLAND GP,GROUP,1990-03-26,186,1488
25/5-4,6,BURTON FM,FORMATION,1991-07-03,20,1691
25/5-5,37,ROGALAND GP,GROUP,1995-11-23,131,2661
25/5-7,32,DUNLIN GP,GROUP,2010-10-23,29,6423
25/6-1,8,VESTLAND GP,GROUP,1986-03-02,186,524
25/6-3,25,HERMOD FM,FORMATION,1999-11-11,64,3885
25/7-1 S,6,BASEMENT,GROUP,1986-07-19,10,898
25/7-2,27,HUGIN FM,FORMATION,1990-07-18,69,1494
25/7-3,31,ROGALAND GP,GROUP,1995-08-28,131,2623
25/7-5,16,HERMOD FM,FORMATION,1997-08-30,64,3132
25/7-6,8,SELE FM,FORMATION,2000-10-14,142,4141
25/8-1,20,BALDER FM,FORMATION,1970-04-07,6,173
25/8-4,10,HORDALAND GP,GROUP,1992-11-08,67,1986
25/8-5 S,14,ROGALAND GP,GROUP,1994-09-22,131,2390
25/8-6,59,HEIMDAL FM,FORMATION,1995-06-27,62,2573
25/8-7,10,HUGIN FM,FORMATION,1995-12-08,69,2612
25/8-8 A,57,LISTA FM,FORMATION,1995-11-10,95,2690
25/8-8 B,55,HEIMDAL FM,FORMATION,1995-10-24,62,2696
25/8-8 S,8,LISTA FM,FORMATION,1995-09-24,95,2646
25/8-9,13,SLEIPNER FM,FORMATION,1997-01-28,148,2988
25/8-9 A,54,ROGALAND GP,GROUP,1997-02-14,131,3025
25/8-10 S,65,ROGALAND GP,GROUP,1997-05-06,131,3062
25/8-11,8,SELE FM,FORMATION,1997-02-12,142,3209
25/8-12 A,38,STATFJORD GP,GROUP,1999-06-19,157,3772
25/8-12 S,1,SHETLAND GP,GROUP,1999-09-06,143,3771
25/8-18 S,27,HEIMDAL FM,FORMATION,2014-10-23,62,7388
25/9-1,10,VESTLAND GP,GROUP,1995-04-22,186,2476
25/10-1 R,29,BALDER FM,FORMATION,1970-03-08,6,512
25/10-2 R,1,TY FM,FORMATION,1972-08-07,176,511
25/10-3,16,ROGALAND GP,GROUP,1970-09-13,131,182
25/10-5,13,ROGALAND GP,GROUP,1981-07-17,131,365
25/10-6 S,13,VESTLAND GP,GROUP,1996-03-22,186,2728
25/10-7 S,43,LISTA FM,FORMATION,1996-08-06,95,2769
25/10-8,11,NO GROUP DEFINED,GROUP,1997-07-04,208,2955
25/10-8 A,92,DRAUPNE FM,FORMATION,1997-04-27,28,3098
25/10-11,72,STATFJORD GP,GROUP,2011-10-08,157,6563
25/10-12 S,19,NO FORMAL NAME,FORMATION,2015-01-18,111,7293
25/10-16 S,18,DRAUPNE FM,FORMATION,2018-07-30,28,8490
25/11-1,9,STATFJORD GP,GROUP,1967-09-07,157,143
25/11-5,2,SELE FM,FORMATION,1974-08-05,142,366
25/11-7,2,LISTA FM,FORMATION,1978-10-27,95,368
25/11-8,49,HEIMDAL FM,FORMATION,1979-10-16,62,369
25/11-9,5,INTRA BALDER FM SS,FORMATION,1980-07-12,7,213
25/11-14 S,22,ROGALAND GP,GROUP,1990-10-13,131,1672
25/11-15,113,ROGALAND GP,GROUP,1991-12-25,131,1872
25/11-16,17,TOR FM,FORMATION,1992-07-24,171,1920
25/11-17,107,ROGALAND GP,GROUP,1993-03-22,131,1921
25/11-19 S,42,HERMOD FM,FORMATION,1995-05-18,64,2562
25/11-20,54,ROGALAND GP,GROUP,1995-10-23,131,2667
25/11-21 S,86,HEIMDAL FM,FORMATION,1995-11-14,62,2701
25/11-22,54,LISTA FM,FORMATION,1998-01-24,95,3243
25/11-23,12,INTRA BALDER FM SS,FORMATION,1999-05-28,7,3755
25/11-25 S,17,ROGALAND GP,GROUP,2008-02-15,131,5642
25/11-27,26,ROGALAND GP,GROUP,2013-05-29,131,7179
25/11-28,42,STATFJORD GP,GROUP,2015-09-25,157,7776
25/12-1,6,NO GROUP DEFINED,GROUP,1973-12-23,208,374
26/4-1,40,ROGALAND GP,GROUP,1987-07-17,131,1046
29/3-1,35,BRENT GP,GROUP,1986-09-15,16,904
29/6-1,119,NESS FM,FORMATION,1982-09-05,110,375
29/9-1,9,DRAKE FM,FORMATION,1984-02-24,27,31
30/2-1,92,BRENT GP,GROUP,1982-12-10,16,72
30/2-2,37,OSEBERG FM,FORMATION,1985-04-05,123,457
30/2-3,179,BRENT GP,GROUP,1992-05-10,16,1970
30/3-1 R,10,BRENT GP,GROUP,1982-04-26,16,509
30/3-2 R,9,RANNOCH FM,FORMATION,1981-02-16,126,508
30/3-3,14,BRENT GP,GROUP,1983-05-30,16,10
30/3-4,3,AMUNDSEN FM,FORMATION,1985-12-06,4,460
30/3-5 S,135,BRENT GP,GROUP,1992-06-19,16,1950
30/3-6 S,30,TARBERT FM,FORMATION,1994-06-03,162,2269
30/3-7 A,13,RØDBY FM,FORMATION,1998-01-29,137,3176
30/3-7 B,8,DRAKE FM,FORMATION,1998-04-08,27,3229
30/3-7 S,15,VIKING GP,GROUP,1995-12-12,188,2632
30/3-9,1,NESS FM,FORMATION,2000-01-07,110,4053
30/4-2,15,AMUNDSEN FM,FORMATION,1980-05-16,4,378
30/5-1,2,ÅSGARD FM,FORMATION,1972-07-29,198,379
30/5-2,101,BRENT GP,GROUP,1996-12-21,16,2886
30/5-3 S,84,HEGRE GP,GROUP,2009-12-04,61,6043
30/6-1,28,DUNLIN GP,GROUP,1979-09-22,29,380
30/6-2,26,ETIVE FM,FORMATION,1979-11-12,35,381
30/6-3,34,BRENT GP,GROUP,1980-07-03,16,382
30/6-4,7,DUNLIN GP,GROUP,1981-11-05,29,383
30/6-5,78,ETIVE FM,FORMATION,1981-08-15,35,118
30/6-6,21,ETIVE FM,FORMATION,1982-03-24,35,39
30/6-7,44,OSEBERG FM,FORMATION,1982-08-24,123,73
30/6-8,17,HEATHER FM,FORMATION,1982-06-08,60,77
30/6-9,66,ETIVE FM,FORMATION,1982-12-16,35,83
30/6-10,15,DRAKE FM,FORMATION,1982-02-12,27,92
30/6-10 A,19,ETIVE FM,FORMATION,1983-03-03,35,56
30/6-11,7,NESS FM,FORMATION,1983-03-30,110,58
30/6-13,40,NESS FM,FORMATION,1983-05-14,110,7
30/6-14,13,DRAKE FM,FORMATION,1984-08-02,27,53
30/6-15,119,EIRIKSSON FM,FORMATION,1984-05-09,32,110
30/6-16,23,COOK FM,FORMATION,1985-01-21,24,333
30/6-17 A,7,DRAKE FM,FORMATION,1986-03-18,27,894
30/6-17 R,46,DUNLIN GP,GROUP,1986-04-02,29,849
30/6-18,74,STATFJORD GP,GROUP,1985-11-23,157,488
30/6-19,34,OSEBERG FM,FORMATION,1986-06-21,123,489
30/6-21,39,NESS FM,FORMATION,1987-09-04,110,1037
30/6-22,122,BRENT GP,GROUP,1988-07-13,16,1225
30/6-23,6,HEATHER FM,FORMATION,1990-01-07,60,1545
30/6-24 S,26,STATFJORD GP,GROUP,1991-06-12,157,1855
30/6-26,28,STATFJORD GP,GROUP,2001-07-10,157,4416
30/6-27,27,STATFJORD GP,GROUP,2001-10-30,157,4425
30/6-30,58,NESS FM,FORMATION,2018-11-18,110,8569
30/7-2,63,HORDALAND GP,GROUP,1975-09-11,67,385
30/7-3,6,CROMER KNOLL GP,GROUP,1976-10-25,23,386
30/7-7,9,COOK FM,FORMATION,1979-01-07,24,390
30/7-8,128,BRENT GP,GROUP,1981-04-04,16,216
30/7-8 R,25,STATFJORD GP,GROUP,1982-01-29,157,506
30/8-1 S,194,BRENT GP,GROUP,1995-01-03,16,2430
30/8-2,21,ROGALAND GP,GROUP,1996-01-14,131,2723
30/8-3,121,BRENT GP,GROUP,1998-05-01,16,3246
30/8-4 S,75,TARBERT FM,FORMATION,2009-04-02,162,5974
30/9-1,3,HEATHER FM,FORMATION,1983-01-29,60,65
30/9-2,167,BRENT GP,GROUP,1983-12-07,16,11
30/9-3,188,NESS FM,FORMATION,1984-02-26,110,55
30/9-3 A,196,BRENT GP,GROUP,1984-05-20,16,102
30/9-4 S,24,TARBERT FM,FORMATION,1985-03-30,162,452
30/9-5 S,11,COOK FM,FORMATION,1985-07-19,24,478
30/9-6,52,NESS FM,FORMATION,1987-04-21,110,1027
30/9-7,53,BRENT GP,GROUP,1988-12-23,16,1306
30/9-8 R,52,NESS FM,FORMATION,1989-09-25,110,1461
30/9-9,2,VIKING GP,GROUP,1989-06-11,188,1442
30/9-10,24,INTRA DRAUPNE FM SS,FORMATION,1990-09-21,26,1514
30/9-11,4,RANNOCH FM,FORMATION,1990-11-19,126,1673
30/9-11 A,1,TARBERT FM,FORMATION,1990-12-29,162,1705
30/9-12,22,VIKING GP,GROUP,1991-09-05,188,1717
30/9-12 A,27,NESS FM,FORMATION,1991-04-06,110,1770
30/9-13 S,67,VIKING GP,GROUP,1991-11-10,188,1811
30/9-14,36,NESS FM,FORMATION,1993-05-14,110,2076
30/9-15,27,DUNLIN GP,GROUP,1994-05-01,29,2223
30/9-16,78,BRENT GP,GROUP,1994-08-08,16,2361
30/9-19,16,NO FORMAL NAME,FORMATION,1998-10-22,111,3561
30/9-19 A,42,TARBERT FM,FORMATION,1998-12-21,162,3593
30/9-20 S,15,INTRA HEATHER FM SS,FORMATION,2002-11-02,59,4463
30/9-21 A,45,HEATHER FM,FORMATION,2008-06-15,60,5805
30/9-22,26,HEATHER FM,FORMATION,2009-10-03,60,6034
30/9-25,6,TARBERT FM,FORMATION,2013-09-20,162,7249
30/9-28 S,55,STATFJORD GP,GROUP,2016-02-26,157,7869
30/10-1,25,FRIGG FM,FORMATION,1973-07-18,45,391
30/10-2,3,FRIGG FM,FORMATION,1974-03-28,45,392
30/10-3,35,FRIGG FM,FORMATION,1974-08-31,45,393
30/10-5,9,BRENT GP,GROUP,1975-01-05,16,395
30/10-6,80,BRENT GP,GROUP,1992-09-11,16,1816
30/10-7,18,ROGALAND GP,GROUP,1992-10-17,131,2015
30/11-1,13,FRIGG FM,FORMATION,1975-03-14,45,396
30/11-3,33,BRENT GP,GROUP,1983-03-14,16,62
30/11-4,19,STATFJORD GP,GROUP,1984-07-24,157,98
30/11-6 S,103,BRENT GP,GROUP,2004-02-07,16,4950
30/11-7,15,NESS FM,FORMATION,2009-03-02,110,5919
30/11-7 A,86,BRENT GP,GROUP,2009-05-25,16,6085
30/11-8 A,34,TARBERT FM,FORMATION,2011-03-07,162,6611
30/11-8 S,55,TARBERT FM,FORMATION,2011-05-20,162,6540
30/11-9 A,2,VIKING GP,GROUP,2014-08-01,188,7281
30/11-10,70,BRENT GP,GROUP,2014-12-26,16,7595
30/11-14,201,BRENT GP,GROUP,2016-06-07,16,7982
30/12-1,63,TARBERT FM,FORMATION,1994-07-03,162,2248
31/2-1,67,FENSFJORD FM,FORMATION,1979-09-11,40,398
31/2-2,77,SOGNEFJORD FM,FORMATION,1980-04-23,151,227
31/2-3,83,FENSFJORD FM,FORMATION,1980-07-20,40,236
31/2-4 R,8,HEGRE GP,GROUP,1981-06-04,61,502
31/2-5,103,VIKING GP,GROUP,1980-12-21,188,210
31/2-6,124,SOGNEFJORD FM,FORMATION,1981-10-17,151,399
31/2-7,33,HEATHER FM,FORMATION,1982-06-14,60,70
31/2-8,46,SOGNEFJORD FM,FORMATION,1982-08-18,151,78
31/2-9,70,VIKING GP,GROUP,1982-01-10,188,88
31/2-10,13,DRAUPNE FM,FORMATION,1982-10-31,28,90
31/2-11,56,VIKING GP,GROUP,1983-05-25,188,6
31/2-12,86,SOGNEFJORD FM,FORMATION,1983-09-09,151,14
31/2-13 S,79,SOGNEFJORD FM,FORMATION,1984-03-15,151,93
31/2-14,46,VIKING GP,GROUP,1984-06-21,188,106
31/2-15,14,ROGALAND GP,GROUP,1984-11-15,131,439
31/2-17 A,69,VIKING GP,GROUP,1992-01-31,188,1898
31/2-17 B,3,SOGNEFJORD FM,FORMATION,1992-02-14,151,1899
31/2-17 S,80,SOGNEFJORD FM,FORMATION,1992-01-20,151,1885
31/2-18,35,HEATHER FM,FORMATION,1992-07-10,60,1988
31/2-19 S,20,HEATHER FM,FORMATION,1996-07-13,60,2798
31/3-1,240,VIKING GP,GROUP,1983-10-13,188,20
31/3-2,2,DRAUPNE FM,FORMATION,1984-04-30,28,100
31/3-3,11,HEATHER FM,FORMATION,1984-11-18,60,447
31/4-2,17,FENSFJORD FM,FORMATION,1979-11-15,40,401
31/4-3,3,HEGRE GP,GROUP,1980-11-05,61,402
31/4-4,18,VIKING GP,GROUP,1981-02-17,188,214
31/4-5,127,VIKING GP,GROUP,1981-07-29,188,403
31/4-6,81,VIKING GP,GROUP,1982-04-20,188,43
31/4-7,44,DRAKE FM,FORMATION,1984-11-09,27,235
31/4-8,86,STATFJORD GP,GROUP,1986-11-05,157,312
31/4-9,53,FENSFJORD FM,FORMATION,1987-07-03,40,1026
31/4-10,189,VIKING GP,GROUP,1995-12-13,188,2617
31/4-11,39,DRAUPNE FM,FORMATION,2000-12-09,28,4147
31/5-2,5,INTRA DRAUPNE FM SS,FORMATION,1983-11-11,26,32
31/5-3,66,SOGNEFJORD FM,FORMATION,1984-09-06,151,101
31/5-4 S,88,VIKING GP,GROUP,1990-10-10,188,1669
31/5-5,82,SOGNEFJORD FM,FORMATION,1993-11-02,151,2059
31/6-1,1,BASEMENT,GROUP,1983-10-28,10,22
31/6-2,25,HEATHER FM,FORMATION,1983-11-12,60,34
31/6-3,25,FENSFJORD FM,FORMATION,1983-12-26,40,35
31/6-5,246,VIKING GP,GROUP,1984-05-21,188,105
31/6-6,42,HEATHER FM,FORMATION,1984-07-29,60,127
31/6-8,32,HEATHER FM,FORMATION,1985-05-25,60,466
31/7-1,84,VIKING GP,GROUP,2016-06-22,188,7954
31/7-1 A,64,VIKING GP,GROUP,2016-07-14,188,8008
31/7-2 A,5,DRAUPNE FM,FORMATION,2017-07-27,28,8213
31/7-2 S,16,SHETLAND GP,GROUP,2017-08-07,143,8174
31/7-3 S,8,DRAUPNE FM,FORMATION,2018-12-16,28,8616
32/4-1,18,HEATHER FM,FORMATION,1996-04-12,60,2918
33/2-2 S,30,HEGRE GP,GROUP,2015-10-06,61,7630
33/5-1,10,LUNDE FM,FORMATION,1979-10-18,97,103
33/5-2,24,TARBERT FM,FORMATION,1981-11-18,162,405
33/6-1,9,BRENT GP,GROUP,1979-06-07,16,406
33/6-2,32,VIKING GP,GROUP,1997-02-01,188,2873
33/9-1,22,TARBERT FM,FORMATION,1974-04-06,162,407
33/9-3,24,ETIVE FM,FORMATION,1974-11-14,35,125
33/9-4,58,BRENT GP,GROUP,1975-09-17,16,409
33/9-5,17,TARBERT FM,FORMATION,1976-01-01,162,410
33/9-6,33,TARBERT FM,FORMATION,1976-08-31,162,411
33/9-7,103,BRENT GP,GROUP,1976-07-11,16,412
33/9-8,9,HEATHER FM,FORMATION,1977-02-18,60,413
33/9-9,14,DRAKE FM,FORMATION,1977-11-17,27,414
33/9-10,18,BRENT GP,GROUP,1978-12-06,16,415
33/9-11,18,BRENT GP,GROUP,1978-08-28,16,416
33/9-12,6,NESS FM,FORMATION,1987-03-08,110,1069
33/9-13 S,5,BROOM FM,FORMATION,1987-12-24,17,1028
33/9-14,44,ETIVE FM,FORMATION,1988-09-04,35,1226
33/9-15,28,CROMER KNOLL GP,GROUP,1992-08-06,23,1810
33/9-16,2,CROMER KNOLL GP,GROUP,1993-01-20,23,1801
33/9-17,9,INTRA DRAUPNE FM SS,FORMATION,1994-04-05,26,2114
33/9-18,24,UNDEFINED GP,GROUP,1994-12-20,191,2454
33/9-18 A,6,DRAUPNE FM,FORMATION,1995-01-24,28,2455
33/9-19 S,18,BRENT GP,GROUP,1996-07-23,16,2830
33/12-1,64,BRENT GP,GROUP,1974-04-18,16,417
33/12-2,13,STATFJORD GP,GROUP,1974-08-23,157,418
33/12-4,20,DRAKE FM,FORMATION,1975-07-17,27,126
33/12-6,7,STATFJORD GP,GROUP,1976-06-21,157,119
33/12-7,17,TARBERT FM,FORMATION,1989-04-27,162,1358
33/12-10 S,26,VIKING GP,GROUP,2014-10-23,188,7486
34/2-2 R,10,COOK FM,FORMATION,1981-08-05,24,497
34/2-3,39,HEGRE GP,GROUP,1981-08-13,61,421
34/2-4,11,DUNLIN GP,GROUP,1985-11-06,29,467
34/3-1 S,61,COOK FM,FORMATION,2008-10-09,24,5811
34/3-2 S,27,COOK FM,FORMATION,2009-12-30,24,6249
34/3-3 S,80,DUNLIN GP,GROUP,2011-11-19,29,6588
34/4-1,90,LUNDE FM,FORMATION,1979-12-16,97,422
34/4-2,1,AMUNDSEN FM,FORMATION,1980-05-24,4,228
34/4-3,18,VIKING GP,GROUP,1982-03-30,188,423
34/4-4,182,HEGRE GP,GROUP,1983-03-02,61,41
34/4-5,74,DUNLIN GP,GROUP,1984-06-04,29,37
34/4-6,54,LUNDE FM,FORMATION,1986-03-27,97,875
34/4-7,183,HEGRE GP,GROUP,1987-12-05,61,943
34/4-9 S,208,HEGRE GP,GROUP,1997-02-15,61,2931
34/4-10 R,27,UNDIFFERENTIATED,FORMATION,2000-04-18,182,4051
34/4-12 A,54,HEGRE GP,GROUP,2010-02-18,61,6316
34/4-12 S,52,HEGRE GP,GROUP,2010-01-25,61,6283
34/4-13 S,58,STATFJORD GP,GROUP,2011-02-01,157,6442
34/5-1 S,48,COOK FM,FORMATION,2010-03-13,24,6307
34/6-2 S,54,COOK FM,FORMATION,2012-05-11,24,6971
34/6-3 S,75,COOK FM,FORMATION,2014-09-24,24,7468
34/7-1,223,HEGRE GP,GROUP,1984-07-24,61,111
34/7-2,18,STATFJORD GP,GROUP,1984-10-10,157,233
34/7-3,52,HEGRE GP,GROUP,1985-02-01,61,442
34/7-4,3,AMUNDSEN FM,FORMATION,1985-01-16,4,455
34/7-5,55,RANNOCH FM,FORMATION,1985-03-16,126,458
34/7-6,34,RAUDE FM,FORMATION,1985-05-30,127,465
34/7-7,92,STATFJORD GP,GROUP,1985-12-16,157,525
34/7-8,4,VIKING GP,GROUP,1986-11-04,188,878
34/7-9,243,LUNDE FM,FORMATION,1986-12-06,97,889
34/7-10,42,EIRIKSSON FM,FORMATION,1986-10-29,32,947
34/7-12,64,RANNOCH FM,FORMATION,1987-12-17,126,1187
34/7-13,64,RANNOCH FM,FORMATION,1988-04-13,126,1233
34/7-14,33,TARBERT FM,FORMATION,1989-02-12,162,1278
34/7-15 S,14,BRENT GP,GROUP,1990-03-09,16,1544
34/7-16,76,RANNOCH FM,FORMATION,1990-08-13,126,1550
34/7-17,26,ETIVE FM,FORMATION,1991-07-04,35,1713
34/7-17 A,20,BRENT GP,GROUP,1991-04-05,16,1536
34/7-18,14,NESS FM,FORMATION,1991-09-17,110,1819
34/7-19,3,MIME FM,FORMATION,1991-12-27,106,1838
34/7-20,23,BRENT GP,GROUP,1992-08-27,16,1967
34/7-21,69,VIKING GP,GROUP,1992-11-12,188,2026
34/7-21 A,4,RØDBY FM,FORMATION,1993-12-02,137,2068
34/7-22,98,BRENT GP,GROUP,1993-01-10,16,2167
34/7-23 A,43,INTRA DRAUPNE FM SS,FORMATION,1994-05-20,26,2326
34/7-23 S,17,INTRA DRAUPNE FM SS,FORMATION,1994-03-04,26,2296
34/7-25 S,17,INTRA DRAUPNE FM SS,FORMATION,1996-09-14,26,2863
34/7-26 A,14,CROMER KNOLL GP,GROUP,1998-02-26,23,3329
34/7-26 SR,11,CROMER KNOLL GP,GROUP,1998-02-02,23,3315
34/7-27,14,DRAUPNE FM,FORMATION,1998-07-10,28,3214
34/7-28,56,VIKING GP,GROUP,1998-02-03,188,3282
34/7-29 S,2,DRAUPNE FM,FORMATION,1998-04-14,28,3313
34/7-30 SR,45,HEATHER FM,FORMATION,1999-02-12,60,3886
34/7-31,34,INTRA DRAUPNE FM SS,FORMATION,2001-04-13,26,4214
34/7-33,53,LISTA FM,FORMATION,2008-10-15,95,5917
34/7-34,29,STATFJORD GP,GROUP,2009-10-03,157,5973
34/8-1,43,DUNLIN GP,GROUP,1986-08-03,29,854
34/8-2,12,STATFJORD GP,GROUP,1986-11-17,157,915
34/8-3,28,NESS FM,FORMATION,1988-09-14,110,940
34/8-3 A,112,BRENT GP,GROUP,1988-10-31,16,1338
34/8-4 A,17,DUNLIN GP,GROUP,1992-05-27,29,1909
34/8-4 S,355,HEGRE GP,GROUP,1991-09-06,61,1683
34/8-5,34,TARBERT FM,FORMATION,1991-01-04,162,1719
34/8-6,4,HEATHER FM,FORMATION,1991-03-11,60,1842
34/8-7,8,LUNDE FM,FORMATION,1992-07-16,97,1941
34/8-8,6,DRAKE FM,FORMATION,1992-08-24,27,1969
34/8-9 S,20,STATFJORD GP,GROUP,1992-12-28,157,2029
34/8-10 S,46,DUNLIN GP,GROUP,1993-09-12,29,2179
34/8-11,31,ETIVE FM,FORMATION,1994-08-02,35,2180
34/8-13 A,3,NESS FM,FORMATION,2009-05-13,110,6024
34/8-13 S,46,BRENT GP,GROUP,2009-06-26,16,6025
34/8-14 A,57,BRENT GP,GROUP,2008-01-12,16,5954
34/8-14 S,50,TARBERT FM,FORMATION,2008-10-21,162,5943
34/8-16 S,54,LOMVI FM,FORMATION,2015-11-15,96,7800
34/10-1,17,DUNLIN GP,GROUP,1978-08-09,29,424
34/10-2,39,NANSEN FM,FORMATION,1978-08-12,108,425
34/10-3,61,NESS FM,FORMATION,1979-07-06,110,426
34/10-4,6,STATFJORD GP,GROUP,1979-10-15,157,427
34/10-5,39,BRENT GP,GROUP,1980-02-01,16,428
34/10-7,5,AMUNDSEN FM,FORMATION,1980-03-23,4,222
34/10-8,1,ETIVE FM,FORMATION,1980-05-25,35,230
34/10-9,14,ETIVE FM,FORMATION,1980-09-05,35,140
34/10-9 R,4,NANSEN FM,FORMATION,1980-03-07,108,495
34/10-11,13,AMUNDSEN FM,FORMATION,1981-05-03,4,211
34/10-12,4,NESS FM,FORMATION,1981-12-09,110,204
34/10-13,45,HEGRE GP,GROUP,1982-05-01,61,431
34/10-14,14,DUNLIN GP,GROUP,1982-03-19,29,95
34/10-15,76,DUNLIN GP,GROUP,1982-12-12,29,67
34/10-16,51,RANNOCH FM,FORMATION,1983-11-04,126,59
34/10-17,30,RANNOCH FM,FORMATION,1983-08-07,126,5
34/10-18,7,CROMER KNOLL GP,GROUP,1983-08-30,23,23
34/10-19,31,CROMER KNOLL GP,GROUP,1983-06-12,23,33
34/10-21,35,NESS FM,FORMATION,1984-10-22,110,221
34/10-22,22,NORDLAND GP,GROUP,1984-05-11,113,446
34/10-23,217,BRENT GP,GROUP,1985-10-13,16,476
34/10-30,1,DUNLIN GP,GROUP,1986-12-05,29,877
34/10-32,12,DUNLIN GP,GROUP,1987-07-13,29,1051
34/10-33,9,ETIVE FM,FORMATION,1988-12-15,35,1302
34/10-33 B,24,TARBERT FM,FORMATION,1989-10-07,162,1407
34/10-34,272,BRENT GP,GROUP,1991-05-31,16,1747
34/10-35,10,NESS FM,FORMATION,1992-01-07,110,1874
34/10-36,54,BRENT GP,GROUP,1992-07-13,16,1940
34/10-37,46,NESS FM,FORMATION,1995-02-22,110,2431
34/10-37 A,19,NESS FM,FORMATION,1995-03-04,110,2530
34/10-38 S,160,STATFJORD GP,GROUP,1995-05-29,157,2517
34/10-42 S,2,HEATHER FM,FORMATION,1999-09-19,60,3816
34/10-48 S,33,BRENT GP,GROUP,2004-12-22,16,4902
34/10-53 A,30,TARBERT FM,FORMATION,2011-01-06,162,6495
34/10-54 A,14,COOK FM,FORMATION,2014-04-18,24,7254
34/10-54 S,8,ETIVE FM,FORMATION,2014-11-02,35,7253
34/11-1,134,BRENT GP,GROUP,1994-10-25,16,2377
34/11-2 S,2,TARBERT FM,FORMATION,1996-05-17,162,2733
34/11-3,13,ETIVE FM,FORMATION,1997-01-16,35,2866
34/11-4,50,NESS FM,FORMATION,1999-04-14,110,3314
35/3-2,2,COOK FM,FORMATION,1980-10-26,24,136
35/3-4,97,AGAT FM,FORMATION,1981-06-06,2,219
35/3-5,65,CROMER KNOLL GP,GROUP,1982-03-31,23,433
35/3-7 S,51,CROMER KNOLL GP,GROUP,2009-01-10,23,6154
35/4-1,28,COOK FM,FORMATION,1997-05-24,24,2993
35/8-1,178,BRENT GP,GROUP,1981-01-24,16,205
35/8-2,2,HEATHER FM,FORMATION,1982-05-21,60,434
35/8-3,18,NESS FM,FORMATION,1988-10-15,110,1288
35/8-5 S,61,VIKING GP,GROUP,2003-07-20,188,4761
35/8-6 A,55,INTRA HEATHER FM SS,FORMATION,2016-05-14,59,7941
35/9-1,76,VIKING GP,GROUP,1989-07-05,188,1375
35/9-2,59,BRENT GP,GROUP,1991-03-04,16,1600
35/9-3,28,RØDBY FM,FORMATION,1997-11-11,137,3206
35/9-6 S,7,DRAKE FM,FORMATION,2010-07-12,27,6429
35/9-7,77,VIKING GP,GROUP,2012-04-14,188,6776
35/9-8,135,VIKING GP,GROUP,2013-11-04,188,7120
35/9-10 A,110,VIKING GP,GROUP,2014-01-16,188,7321
35/9-10 S,26,HEATHER FM,FORMATION,2013-11-26,60,7259
35/9-11 A,40,BRENT GP,GROUP,2014-05-21,16,7469
35/9-12 S,107,HEATHER FM,FORMATION,2014-12-26,60,7552
35/9-14 A,35,INTRA HEATHER FM SS,FORMATION,2018-03-29,59,8397
35/10-1,13,TARBERT FM,FORMATION,1992-01-16,162,1822
35/10-2,53,NESS FM,FORMATION,1996-08-22,110,2783
35/10-4 A,48,VIKING GP,GROUP,2018-12-11,188,8500
35/11-1,6,RANNOCH FM,FORMATION,1984-06-08,126,128
35/11-2,29,RANNOCH FM,FORMATION,1987-04-12,126,893
35/11-3 S,19,DRAUPNE FM,FORMATION,1989-09-09,28,1356
35/11-4,135,VIKING GP,GROUP,1990-12-29,188,1523
35/11-5,14,OSEBERG FM,FORMATION,1991-03-11,123,1780
35/11-6,47,VIKING GP,GROUP,1992-04-20,188,1879
35/11-7,1,HEATHER FM,FORMATION,1992-09-29,60,1979
35/11-8 S,96,INTRA HEATHER FM SS,FORMATION,1996-11-05,59,2772
35/11-9,80,INTRA HEATHER FM SS,FORMATION,1997-01-05,59,3009
35/11-10,149,VIKING GP,GROUP,1997-06-23,188,3042
35/11-11,81,HEATHER FM,FORMATION,1998-05-22,60,3356
35/11-12,10,DRAUPNE FM,FORMATION,2000-05-14,28,4054
35/11-13,34,INTRA HEATHER FM SS,FORMATION,2005-05-28,59,5063
35/11-14 S,53,VIKING GP,GROUP,2006-07-12,188,5365
35/11-15 S,50,INTRA HEATHER FM SS,FORMATION,2007-06-28,59,5517
35/11-16 S,3,VIKING GP,GROUP,2014-03-18,188,7303
35/11-17,27,RANNOCH FM,FORMATION,2014-01-05,126,7408
35/11-18,54,BRENT GP,GROUP,2015-09-27,16,7771
35/11-18 A,44,OSEBERG FM,FORMATION,2015-12-16,123,7813
35/11-20 A,103,VIKING GP,GROUP,2016-07-08,188,8013
35/11-21 A,39,SOGNEFJORD FM,FORMATION,2018-10-17,151,8549
35/11-21 S,21,ETIVE FM,FORMATION,2018-05-09,35,8533
35/12-1,50,VIKING GP,GROUP,1992-04-24,188,1881
35/12-2,1,FENSFJORD FM,FORMATION,2009-07-15,40,6095
35/12-3 S,6,HEATHER FM,FORMATION,2011-02-16,60,6516
35/12-4 S,73,NESS FM,FORMATION,2011-06-26,110,6589
35/12-6 S,24,FENSFJORD FM,FORMATION,2018-06-14,40,8431
36/1-1,6,BASEMENT,GROUP,1975-06-14,10,435
36/1-2,19,VIKING GP,GROUP,1975-10-27,188,436
36/7-1,179,FENSFJORD FM,FORMATION,1996-07-05,40,1794
36/7-4,117,AGAT FM,FORMATION,2016-09-26,2,7988
6201/11-1,151,HEGRE GP,GROUP,1987-06-11,61,1134
6201/11-2,14,HEGRE GP,GROUP,1991-11-03,61,1549
6201/11-3 R,7,LUNDE FM,FORMATION,2012-10-20,97,7110
6204/10-1,36,SHETLAND GP,GROUP,1995-11-23,143,2666
6204/10-2 A,15,NO FORMAL NAME,FORMATION,1997-04-12,111,3280
6204/10-2 R,10,ÅSGARD FM,FORMATION,1997-11-21,198,3258
6204/11-1,68,VIKING GP,GROUP,1994-11-14,188,2205
6205/3-1,7,CROMER KNOLL GP,GROUP,1990-11-02,23,1479
6205/3-1 R,11,SPEKK FM,FORMATION,1990-11-30,155,1510
6302/6-1,15,NO FORMAL NAME,FORMATION,2005-04-10,111,5086
6305/1-1,27,CROMER KNOLL GP,GROUP,1998-11-19,23,3555
6305/4-1,18,HORDALAND GP,GROUP,2002-03-06,67,4441
6305/4-2 S,19,EGGA FM (INFORMAL),FORMATION,2011-11-02,31,6441
6305/5-1,49,EGGA FM (INFORMAL),FORMATION,1997-07-10,31,3144
6305/7-1,20,SHETLAND GP,GROUP,1998-08-30,143,3535
6305/8-1,3,TANG FM,FORMATION,2000-08-09,161,4109
6305/8-2,9,UNDIFFERENTIATED,FORMATION,2014-11-21,182,7579
6305/9-1,17,EGGA FM (INFORMAL),FORMATION,2001-07-31,31,4297
6305/12-1,11,RED BEDS (INFORMAL),GROUP,1991-09-18,129,1808
6305/12-2,27,UNDEFINED GP,GROUP,1993-12-17,191,2207
6306/5-1,5,EGGA FM (INFORMAL),FORMATION,1997-10-07,31,3060
6306/6-1,19,VIKING GP,GROUP,1994-05-07,188,2384
6306/10-1,8,GARN FM,FORMATION,1990-12-17,48,1551
6307/1-1 S,5,UNDIFFERENTIATED,FORMATION,2018-12-28,182,8523
6403/6-1,26,NISE FM,FORMATION,2006-07-23,112,5296
6405/7-1,3,SPRINGAR FM,FORMATION,2003-10-10,156,4749
6405/10-1,31,SHETLAND GP,GROUP,2007-07-09,143,5565
6406/1-1,111,TOFTE FM,FORMATION,2001-10-06,170,4262
6406/2-1,105,ILE FM,FORMATION,1995-09-04,70,2444
6406/2-1 R,9,ÅRE FM,FORMATION,1996-07-01,197,2642
6406/2-2,16,GARN FM,FORMATION,1996-03-27,48,2644
6406/2-3,79,GARN FM,FORMATION,1997-04-15,48,2849
6406/2-4 SR,308,BÅT GP,GROUP,1999-02-15,22,3627
6406/2-5,38,NOT FM,FORMATION,1997-09-29,120,3125
6406/2-5 A,121,GARN FM,FORMATION,1998-02-23,48,3213
6406/2-6,27,GARN FM,FORMATION,1998-07-11,48,3407
6406/2-6 A,21,BÅT GP,GROUP,2000-06-07,22,4094
6406/2-7,21,BÅT GP,GROUP,1999-12-26,22,3878
6406/2-8,18,ÅRE FM,FORMATION,2015-05-05,197,7618
6406/2-9 S,20,TOFTE FM,FORMATION,2019-01-15,170,8562
6406/3-1,11,BÅT GP,GROUP,1984-08-14,22,108
6406/3-2,181,FANGST GP,GROUP,1986-11-22,38,863
6406/3-3,1,MELKE FM,FORMATION,1986-10-26,105,949
6406/3-4,154,FANGST GP,GROUP,1987-12-29,38,1173
6406/3-5,19,GARN FM,FORMATION,1988-01-06,48,1227
6406/3-8,83,GARN FM,FORMATION,2010-10-08,48,6350
6406/3-9,48,NO FORMAL NAME,FORMATION,2012-03-26,111,6594
6406/5-1,25,BÅT GP,GROUP,2002-04-30,22,4451
6406/6-1,28,FANGST GP,GROUP,1985-12-30,38,486
6406/8-1,123,ILE FM,FORMATION,1988-11-04,70,1136
6406/9-1,28,ROR FM,FORMATION,2005-02-06,135,4927
6406/9-2,63,TILJE FM,FORMATION,2007-01-07,169,5454
6406/9-3,27,ILE FM,FORMATION,2013-09-29,70,7141
6406/11-1 S,95,ILE FM,FORMATION,1991-02-18,70,1539
6406/12-1 S,22,ROGN FM,FORMATION,1991-02-28,134,1711
6406/12-2,27,SPEKK FM,FORMATION,1995-10-17,155,2640
6406/12-3 A,29,ROGN FM,FORMATION,2014-07-22,134,7432
6406/12-3 B,143,VIKING GP,GROUP,2014-11-06,188,7464
6406/12-3 S,210,VIKING GP,GROUP,2014-04-26,188,7322
6406/12-4 S,5,MELKE FM,FORMATION,2015-08-17,105,7721
6407/1-2,57,GARN FM,FORMATION,1983-05-15,48,61
6407/1-3,106,FANGST GP,GROUP,1984-01-16,38,29
6407/1-4,60,GARN FM,FORMATION,1996-08-23,48,2796
6407/1-5 S,26,VIKING GP,GROUP,2012-05-21,188,6774
6407/1-7,9,NO FORMAL NAME,FORMATION,2014-03-22,111,7412
6407/1-7 A,18,NO FORMAL NAME,FORMATION,2014-04-20,111,7436
6407/2-1,10,KVITNOS FM,FORMATION,1982-06-08,91,76
6407/2-2,44,GARN FM,FORMATION,1983-07-31,48,16
6407/2-3,28,BÅT GP,GROUP,1987-01-23,22,935
6407/2-5 S,28,GARN FM,FORMATION,2009-02-09,48,6151
6407/2-6 S,110,TILJE FM,FORMATION,2010-05-13,169,6351
6407/4-1,78,GARN FM,FORMATION,1985-11-15,48,490
6407/4-2,54,GARN FM,FORMATION,2011-04-13,48,6557
6407/5-1,15,GARN FM,FORMATION,1988-04-03,48,1174
6407/5-2 S,28,LANGE FM,FORMATION,2011-04-09,94,6648
6407/6-1,17,GARN FM,FORMATION,1984-10-26,48,444
6407/6-3,12,GARN FM,FORMATION,1987-02-16,48,1024
6407/6-4,28,GARN FM,FORMATION,1990-12-13,48,1604
6407/6-5,17,TOFTE FM,FORMATION,1999-12-27,170,3921
6407/6-6,52,FANGST GP,GROUP,2008-05-02,38,5636
6407/6-7 S,21,VIKING GP,GROUP,2009-05-27,188,6100
6407/7-1 S,154,TILJE FM,FORMATION,1986-07-04,169,474
6407/7-2,11,ILE FM,FORMATION,1987-01-21,70,1017
6407/7-3,15,ILE FM,FORMATION,1988-05-18,70,1229
6407/7-4,1,ROR FM,FORMATION,1989-03-28,135,1360
6407/7-5,39,ILE FM,FORMATION,1991-02-15,70,1699
6407/7-6,126,TILJE FM,FORMATION,2000-12-16,169,4172
6407/7-7 S,136,BÅT GP,GROUP,2007-09-20,22,5550
6407/7-8,145,BÅT GP,GROUP,2008-09-14,22,5844
6407/7-9 S,109,BÅT GP,GROUP,2016-09-20,22,8029
6407/8-2,17,ÅRE FM,FORMATION,1994-11-25,197,2434
6407/8-4 S,26,ILE FM,FORMATION,2008-05-21,70,5813
6407/8-6,6,ÅRE FM,FORMATION,2013-10-20,197,7265
6407/8-6 A,9,GARN FM,FORMATION,2013-09-12,48,7266
6407/9-1,10,GARN FM,FORMATION,1984-07-09,48,133
6407/9-2,2,SPEKK FM,FORMATION,1985-02-02,155,449
6407/9-3,33,ROGN FM,FORMATION,1985-07-28,134,469
6407/9-4,9,NOT FM,FORMATION,1985-10-09,120,480
6407/9-5,42,ROGN FM,FORMATION,1985-11-13,134,492
6407/9-6,12,ROGN FM,FORMATION,1986-03-13,134,871
6407/9-8,77,VIKING GP,GROUP,1992-09-22,188,1974
6407/10-1,28,NOT FM,FORMATION,1987-06-19,120,1054
6407/10-2,11,ILE FM,FORMATION,1990-06-23,70,1497
6407/10-3,6,GREY BEDS (INFORMAL),GROUP,1992-06-27,52,1927
6407/10-4,18,GREY BEDS (INFORMAL),GROUP,2016-01-19,52,7699
6407/11-1,3,ROGN FM,FORMATION,2018-07-12,134,8565
6407/12-2,14,TARE FM,FORMATION,2009-12-20,163,6191
6408/4-1,1,VIKING GP,GROUP,1988-10-18,188,1246
6505/10-1,9,SHETLAND GP,GROUP,1998-04-07,143,3259
6506/3-1,68,CROMER KNOLL GP,GROUP,2001-08-19,23,4344
6506/6-1,63,TILJE FM,FORMATION,2000-07-12,169,4122
6506/9-1,5,NOT FM,FORMATION,2009-09-15,120,5980
6506/9-2 S,82,FANGST GP,GROUP,2010-04-28,38,6332
6506/9-3,133,FANGST GP,GROUP,2013-08-27,38,7207
6506/9-4 A,46,FANGST GP,GROUP,2018-07-13,38,8411
6506/9-4 S,4,NOT FM,FORMATION,2018-04-27,120,8355
6506/11-1,67,FANGST GP,GROUP,1988-03-31,38,1216
6506/11-2,24,ROR FM,FORMATION,1991-10-26,135,1754
6506/11-3,49,LANGE FM,FORMATION,1992-02-10,94,1973
6506/11-4 S,62,TOFTE FM,FORMATION,1996-06-06,170,2736
6506/11-5 S,27,ÅRE FM,FORMATION,1996-10-11,197,2794
6506/11-6,79,ILE FM,FORMATION,1998-08-22,70,3306
6506/11-7,35,ILE FM,FORMATION,2001-07-27,70,3322
6506/11-8,76,GARN FM,FORMATION,2006-07-16,48,5295
6506/11-9 S,46,GARN FM,FORMATION,2012-03-09,48,6852
6506/11-10,26,NO FORMAL NAME,FORMATION,2018-04-17,111,8317
6506/12-1,38,GARN FM,FORMATION,1985-06-02,48,1004
6506/12-3,51,ROR FM,FORMATION,1985-07-17,135,468
6506/12-4,29,GARN FM,FORMATION,1985-08-13,48,475
6506/12-5,1,LANGE FM,FORMATION,1986-03-27,94,852
6506/12-6,104,TILJE FM,FORMATION,1986-02-08,169,1342
6506/12-7,44,FANGST GP,GROUP,1987-12-08,38,300
6506/12-8,77,GARN FM,FORMATION,1988-08-30,48,1068
6506/12-9 S,19,GARN FM,FORMATION,1993-10-09,48,2128
6506/12-10,56,ILE FM,FORMATION,1995-06-26,70,2445
6506/12-10 A,139,ÅRE FM,FORMATION,1995-11-12,197,2610
6506/12-11 S,187,BÅT GP,GROUP,1996-07-09,22,2795
6506/12-12 A,50,BÅT GP,GROUP,2009-01-09,22,6208
6506/12-12 S,35,NO FORMAL NAME,FORMATION,2009-06-08,111,6144
6507/2-2,15,FANGST GP,GROUP,1992-03-16,38,1840
6507/2-3,41,LYSING FM,FORMATION,1994-05-05,99,2299
6507/2-4,11,NO FORMAL NAME,FORMATION,2008-02-19,111,5685
6507/3-1,27,ILE FM,FORMATION,1990-10-26,70,1533
6507/3-2,3,TILJE FM,FORMATION,1997-04-27,169,2954
6507/3-3,76,FANGST GP,GROUP,1999-03-25,38,3668
6507/3-4,89,FANGST GP,GROUP,2004-04-30,38,4905
6507/3-5 S,1,VIKING GP,GROUP,2008-08-05,188,5307
6507/3-7,17,ILE FM,FORMATION,2009-07-22,70,6123
6507/3-8,55,BÅT GP,GROUP,2009-12-15,22,6258
6507/3-9 S,32,LYSING FM,FORMATION,2012-07-15,99,6951
6507/3-10,23,ROR FM,FORMATION,2013-08-16,135,7212
6507/3-12,44,NOT FM,FORMATION,2017-02-28,120,8097
6507/5-1,122,FANGST GP,GROUP,1998-03-05,38,3683
6507/5-2,55,ROR FM,FORMATION,1999-09-23,135,3756
6507/5-3,14,LYSING FM,FORMATION,2000-06-23,99,4059
6507/5-4,29,NOT FM,FORMATION,2001-04-15,120,4209
6507/5-5,13,NOT FM,FORMATION,2002-02-14,120,4428
6507/5-6 S,19,NISE FM,FORMATION,2010-08-06,112,6321
6507/5-8,3,LANGE FM,FORMATION,2018-03-27,94,8379
6507/6-1,29,ÅRE FM,FORMATION,1986-08-23,197,910
6507/6-2,12,FANGST GP,GROUP,1991-07-16,38,1520
6507/6-4 A,28,NO GROUP DEFINED,GROUP,2012-01-29,208,6753
6507/7-1,38,ILE FM,FORMATION,1984-01-12,70,138
6507/7-2,2,ROR FM,FORMATION,1985-10-06,135,464
6507/7-3,12,NOT FM,FORMATION,1985-09-18,120,482
6507/7-4,14,MELKE FM,FORMATION,1986-01-13,105,853
6507/7-5,9,NOT FM,FORMATION,1986-06-03,120,879
6507/7-5 A,22,FANGST GP,GROUP,1986-05-04,38,860
6507/7-6,162,BÅT GP,GROUP,1986-06-09,22,922
6507/7-8,29,BÅT GP,GROUP,1987-02-08,22,1071
6507/7-10,7,GARN FM,FORMATION,1993-10-29,48,2182
6507/7-11 S,15,GARN FM,FORMATION,1997-08-14,48,3131
6507/7-13 A,69,ÅRE FM,FORMATION,2001-01-21,197,4275
6507/7-14 S,55,FANGST GP,GROUP,2010-09-26,38,6367
6507/7-15 S,6,ROR FM,FORMATION,2012-02-05,135,6730
6507/8-1,14,GARN FM,FORMATION,1986-09-12,48,933
6507/8-2,6,TILJE FM,FORMATION,1987-09-09,169,1076
6507/8-3,7,ILE FM,FORMATION,1988-09-20,70,1309
6507/8-4,170,BÅT GP,GROUP,1990-08-13,22,1340
6507/8-5,22,FANGST GP,GROUP,1991-03-16,38,1749
6507/8-6,5,NO FORMAL NAME,FORMATION,1993-09-10,111,2183
6507/8-9,27,ÅRE FM,FORMATION,2017-08-22,197,8218
6507/10-1,1,VIKING GP,GROUP,1982-10-31,188,81
6507/10-2 S,22,FANGST GP,GROUP,2014-10-02,38,7300
6507/11-1,30,TILJE FM,FORMATION,1981-10-12,169,68
6507/11-2,32,ILE FM,FORMATION,1982-05-30,70,51
6507/11-3,13,NOT FM,FORMATION,1985-08-15,120,470
6507/11-4,28,FANGST GP,GROUP,1987-06-22,38,1055
6507/11-5 S,21,ROR FM,FORMATION,1997-10-28,135,3193
6507/11-6,28,FANGST GP,GROUP,2001-08-07,38,4321
6507/11-8,4,NOT FM,FORMATION,2007-03-07,120,5562
6507/11-9,4,NOT FM,FORMATION,2008-04-18,120,5766
6507/12-1,28,BÅT GP,GROUP,1980-10-26,22,202
6507/12-2,9,RED BEDS (INFORMAL),GROUP,1981-11-24,129,437
6507/12-3,16,ÅRE FM,FORMATION,1985-09-13,197,485
6508/1-2,32,ROR FM,FORMATION,2011-12-09,135,6551
6508/5-1,12,ILE FM,FORMATION,1987-05-24,70,1044
6510/2-1,10,TILJE FM,FORMATION,1997-10-10,169,3166
6603/12-1,18,NO FORMAL NAME,FORMATION,2009-06-20,111,5985
6604/5-1,110,SHETLAND GP,GROUP,2018-03-22,143,8318
6604/10-1,10,SPRINGAR FM,FORMATION,2010-03-09,156,6356
6605/1-1,24,NO FORMAL NAME,FORMATION,2009-03-02,111,5979
6605/8-1,9,LYSING FM,FORMATION,2005-10-22,99,4984
6605/8-2,48,LYSING FM,FORMATION,2008-10-07,99,5812
6607/5-1,25,CROMER KNOLL GP,GROUP,1987-11-09,23,1064
6607/5-2,5,NO FORMAL NAME,FORMATION,1991-11-17,111,1789
6607/12-1,9,HORDALAND GP,GROUP,1986-01-10,67,925
6607/12-2 S,33,NOT FM,FORMATION,2011-10-25,120,6642
6608/8-1,9,RED BEDS (INFORMAL),GROUP,1997-03-30,129,2974
6608/10-1,21,BÅT GP,GROUP,1989-05-29,22,1391
6608/10-2,63,FANGST GP,GROUP,1992-01-29,38,1782
6608/10-3,34,ILE FM,FORMATION,1993-11-03,70,1732
6608/10-4,7,NOT FM,FORMATION,1994-06-03,120,2256
6608/10-6,9,MELKE FM,FORMATION,2000-05-14,105,3260
6608/10-7,83,BÅT GP,GROUP,2001-05-23,22,4273
6608/10-8,50,BÅT GP,GROUP,2002-12-04,22,4439
6608/10-9,33,VIKING GP,GROUP,2003-02-18,188,4668
6608/10-12,92,BÅT GP,GROUP,2008-12-21,22,5949
6608/10-14 S,35,TOFTE FM,FORMATION,2010-01-04,170,6306
6608/10-17 S,81,CROMER KNOLL GP,GROUP,2017-01-31,23,8065
6608/10-18,108,CROMER KNOLL GP,GROUP,2018-08-17,23,8506
6608/10-18 A,117,LANGE FM,FORMATION,2018-09-15,94,8507
6608/11-1,26,GREY BEDS (INFORMAL),GROUP,1986-08-13,52,936
6608/11-2,23,ÅRE FM,FORMATION,2000-11-24,197,4189
6608/11-3,6,GREY BEDS (INFORMAL),GROUP,2002-12-15,52,4630
6608/11-4,39,ÅRE FM,FORMATION,2004-05-23,197,4939
6608/11-5,13,ÅRE FM,FORMATION,2006-07-14,197,5316
6609/5-1,11,CROMER KNOLL GP,GROUP,1985-05-01,23,445
6609/7-1,3,BASEMENT,GROUP,1983-03-08,10,19
6609/10-1,12,TILJE FM,FORMATION,1983-08-29,169,24
6609/11-1,37,TILJE FM,FORMATION,1983-07-07,169,15
6610/2-1 S,43,BÅT GP,GROUP,1996-09-28,22,2874
6610/3-1,47,LYSING FM,FORMATION,1993-02-17,99,1864
6610/3-1 R,4,FANGST GP,GROUP,1993-11-12,38,2193
6610/7-1,27,BÅT GP,GROUP,1983-06-19,22,12
6610/7-2,9,BÅT GP,GROUP,1984-03-14,22,26
6704/12-1,6,NISE FM,FORMATION,1999-07-24,112,3759
6705/10-1,101,SHETLAND GP,GROUP,2009-03-19,143,6044
6706/6-1,7,ROGALAND GP,GROUP,2003-06-17,131,4705
6706/6-2 S,155,ROGALAND GP,GROUP,2019-02-19,131,8580
6706/11-1,58,SHETLAND GP,GROUP,1998-03-22,143,3202
6706/11-2,27,NISE FM,FORMATION,2015-06-06,112,7709
6706/12-1,84,NISE FM,FORMATION,2008-08-28,112,5867
6706/12-2,34,NISE FM,FORMATION,2015-03-21,112,7651
6706/12-3,25,SHETLAND GP,GROUP,2015-04-13,143,7666
6707/10-1,194,SHETLAND GP,GROUP,1997-07-23,143,3075
6707/10-2 A,54,SHETLAND GP,GROUP,2008-01-12,143,5931
6707/10-2 S,146,SHETLAND GP,GROUP,2008-10-13,143,5918
6707/10-3 S,127,KVITNOS FM,FORMATION,2014-12-29,91,7550
6710/10-1,23,ROGALAND GP,GROUP,2000-10-26,131,3941
7019/1-1,14,KNURR FM,FORMATION,2000-03-12,82,4145
7117/9-1,11,SOTBAKKEN GP,GROUP,1982-07-16,154,49
7117/9-2,35,ADVENTDALEN GP,GROUP,1983-09-09,1,13
7119/9-1,33,STØ FM,FORMATION,1984-09-25,159,132
7119/12-1,164,STØ FM,FORMATION,1980-10-10,159,121
7119/12-2,173,NORDMELA FM,FORMATION,1981-06-26,118,114
7119/12-3,26,STØ FM,FORMATION,1983-12-09,159,17
7120/1-1 R2,9,BJARMELAND GP,GROUP,1986-07-21,12,897
7120/1-2,5,KAPP TOSCANA GP,GROUP,1989-03-28,79,1366
7120/1-3,50,TEMPELFJORDEN GP,GROUP,2013-07-10,167,7210
7120/1-4 S,105,TEMPELFJORDEN GP,GROUP,2014-03-08,167,7429
7120/1-5,152,TEMPELFJORDEN GP,GROUP,2017-07-05,167,8070
7120/2-1,220,GIPSDALEN GP,GROUP,1985-10-29,51,473
7120/2-2,28,KOLMULE FM,FORMATION,1991-03-23,85,1690
7120/2-3 S,95,STØ FM,FORMATION,2011-09-07,159,6592
7120/5-1,138,STØ FM,FORMATION,1985-06-06,159,471
7120/6-1,10,ADVENTDALEN GP,GROUP,1985-02-05,1,456
7120/6-2 S,110,STØ FM,FORMATION,2007-07-22,159,3558
7120/6-3 S,15,UNDIFFERENTIATED,FORMATION,2012-11-30,182,6772
7120/7-1,69,KAPP TOSCANA GP,GROUP,1982-08-10,79,85
7120/7-2,78,STØ FM,FORMATION,1983-08-21,159,18
7120/7-3,20,KAPP TOSCANA GP,GROUP,1984-09-06,79,104
7120/8-1,80,NORDMELA FM,FORMATION,1981-10-09,118,120
7120/8-2,28,NORDMELA FM,FORMATION,1982-07-29,118,50
7120/8-3,36,STØ FM,FORMATION,1983-05-24,159,9
7120/9-1,118,KAPP TOSCANA GP,GROUP,1982-09-26,79,82
7120/10-1,14,KAPP TOSCANA GP,GROUP,1984-08-09,79,274
7120/10-2,9,ADVENTDALEN GP,GROUP,1990-05-09,1,1561
7120/12-1,13,HEKKINGEN FM,FORMATION,1980-12-10,63,123
7120/12-2,4,ADVENTDALEN GP,GROUP,1981-11-09,1,122
7120/12-3,18,KAPP TOSCANA GP,GROUP,1983-05-05,79,8
7120/12-4,17,UGLE FM,FORMATION,1984-04-16,178,99
7121/1-1,5,SNADD FM,FORMATION,1985-11-13,150,521
7121/1-1 R,2,TEMPELFJORDEN GP,GROUP,1986-08-23,167,896
7121/4-1,95,KAPP TOSCANA GP,GROUP,1984-10-27,79,135
7121/4-2,17,ADVENTDALEN GP,GROUP,1985-04-14,1,461
7121/5-1,185,KAPP TOSCANA GP,GROUP,1985-09-28,79,479
7121/5-2,75,KAPP TOSCANA GP,GROUP,1986-06-07,79,907
7121/5-3,54,KAPP TOSCANA GP,GROUP,2001-09-03,79,4244
7121/7-1,27,NORDMELA FM,FORMATION,1984-05-08,118,130
7121/7-2,2,NORDMELA FM,FORMATION,1986-12-08,118,881
7121/8-1,21,STØ FM,FORMATION,2017-07-15,159,8159
7122/2-1,124,ADVENTDALEN GP,GROUP,1992-11-11,1,2018
7122/4-1,65,STØ FM,FORMATION,1992-01-13,159,1869
7122/6-1,35,FRUHOLMEN FM,FORMATION,1987-11-11,46,1140
7122/6-2,55,SNADD FM,FORMATION,2006-09-19,150,5327
7122/7-1,43,KAPP TOSCANA GP,GROUP,2000-05-10,79,4173
7122/7-2,3,FUGLEN FM,FORMATION,2001-10-19,47,4391
7122/7-3,29,TUBÅEN FM,FORMATION,2006-08-01,174,5214
7122/7-4 S,32,FRUHOLMEN FM,FORMATION,2006-11-25,46,5406
7122/7-5,11,SASSENDALEN GP,GROUP,2006-12-23,140,5439
7122/7-6,37,KAPP TOSCANA GP,GROUP,2013-04-01,79,7051
7122/10-1 S,24,KAPP TOSCANA GP,GROUP,2017-09-28,79,8257
7123/4-1 A,27,KAPP TOSCANA GP,GROUP,2008-05-14,79,5808
7123/4-1 S,47,KAPP TOSCANA GP,GROUP,2008-04-21,79,5786
7124/3-1,14,TUBÅEN FM,FORMATION,1987-10-20,174,1066
7125/1-1,28,STØ FM,FORMATION,1988-12-30,159,1350
7125/4-1,24,FRUHOLMEN FM,FORMATION,2007-07-03,46,5450
7128/4-1,6,ISBJØRN FM,FORMATION,1994-02-26,72,2049
7128/6-1,86,ISBJØRN FM,FORMATION,1991-08-11,72,1836
7130/4-1,10,UNDEFINED GP,GROUP,2016-08-01,191,7788
7131/4-1,48,SNADD FM,FORMATION,2005-05-13,150,5093
7216/11-1 S,16,SOTBAKKEN GP,GROUP,2000-09-14,154,4129
7219/8-1 S,16,KAPP TOSCANA GP,GROUP,1992-12-26,79,2031
7219/8-2,65,NORDMELA FM,FORMATION,2013-09-30,118,7225
7219/9-1,111,STØ FM,FORMATION,1988-02-25,159,1138
7219/9-2,151,SOTBAKKEN GP,GROUP,2017-02-07,154,8193
7219/12-1,19,FRUHOLMEN FM,FORMATION,2017-01-19,46,8024
7219/12-1 A,115,KAPP TOSCANA GP,GROUP,2017-02-28,79,8105
7219/12-2 A,53,STØ FM,FORMATION,2017-11-30,159,8312
7219/12-2 S,50,KAPP TOSCANA GP,GROUP,2017-07-11,79,8216
7220/2-1,60,NORDMELA FM,FORMATION,2014-10-10,118,7558
7220/4-1,19,STØ FM,FORMATION,2014-02-25,159,7307
7220/5-1,76,STØ FM,FORMATION,2012-03-24,159,6775
7220/5-2,45,ADVENTDALEN GP,GROUP,2013-08-07,1,7166
7220/5-3,55,STØ FM,FORMATION,2018-10-26,159,8539
7220/6-1,55,ØRN FM,FORMATION,2005-03-29,195,5039
7220/6-2,26,SNADD FM,FORMATION,2015-04-11,150,7748
7220/6-2 R,3,KAPP TOSCANA GP,GROUP,2016-11-22,79,8026
7220/6-3,242,KAPP TOSCANA GP,GROUP,2017-05-10,79,8203
7220/7-1,165,NORDMELA FM,FORMATION,2012-01-24,118,6756
7220/7-2 S,60,TUBÅEN FM,FORMATION,2013-12-16,174,7252
7220/7-3 S,141,KAPP TOSCANA GP,GROUP,2014-05-05,79,7414
7220/8-1,60,STØ FM,FORMATION,2011-02-05,159,6484
7220/10-1,53,KOLMULE FM,FORMATION,2012-10-16,85,7015
7220/11-1,54,FALK FM,FORMATION,2014-10-17,36,7503
7220/11-2,90,NO GROUP DEFINED,GROUP,2015-03-05,208,7638
7220/11-2 A,97,NO GROUP DEFINED,GROUP,2015-06-14,208,7693
7220/11-3,95,GIPSDALEN GP,GROUP,2015-02-09,51,7714
7220/11-3 A,49,KLAPPMYSS FM,FORMATION,2015-09-29,80,7786
7220/11-3 AR,24,ØRN FM,FORMATION,2016-10-10,195,7959
7220/11-4,34,GIPSDALEN GP,GROUP,2017-07-17,51,8126
7220/11-4 A,18,GIPSDALEN GP,GROUP,2017-08-28,51,8226
7221/12-1,52,SNADD FM,FORMATION,2018-05-25,150,8441
7222/1-1,2,KOBBE FM,FORMATION,2016-02-08,83,7987
7222/6-1 S,11,SASSENDALEN GP,GROUP,2008-10-03,140,5755
7222/11-1,34,KOBBE FM,FORMATION,2008-04-11,83,5916
7222/11-2,164,SASSENDALEN GP,GROUP,2014-02-27,140,7317
7223/5-1,13,KOBBE FM,FORMATION,2009-01-14,83,5960
7224/6-1,34,KAPP TOSCANA GP,GROUP,2008-08-21,79,5835
7224/7-1,10,NORDMELA FM,FORMATION,1988-06-19,118,1245
7225/3-1,17,KOBBE FM,FORMATION,2011-09-25,83,6587
7225/3-2,74,KOBBE FM,FORMATION,2013-07-08,83,7149
7226/2-1,4,KOBBE FM,FORMATION,2008-07-19,83,5807
7226/11-1,7,ULV FM,FORMATION,1988-11-04,181,1177
7228/2-1 S,19,KAPP TOSCANA GP,GROUP,1989-12-20,79,1460
7228/7-1 A,43,KAPP TOSCANA GP,GROUP,2001-02-02,79,4257
7228/7-1 S,11,STØ FM,FORMATION,2001-08-01,159,3015
7228/9-1 S,19,ULV FM,FORMATION,1990-07-05,181,1486
7229/11-1,159,BJARMELAND GP,GROUP,1993-12-15,12,1643
7316/5-1,38,TORSK FM,FORMATION,1992-05-10,172,1987
7317/9-1,37,TUBÅEN FM,FORMATION,2017-07-10,174,8240
7319/12-1,18,TORSK FM,FORMATION,2014-09-22,172,7555
7321/7-1,3,ADVENTDALEN GP,GROUP,1988-10-22,1,1284
7321/8-1,12,STØ FM,FORMATION,1987-03-09,159,1070
7321/9-1,18,KAPP TOSCANA GP,GROUP,1988-11-28,79,1339
7324/3-1,112,SNADD FM,FORMATION,2018-11-21,150,8568
7324/7-2,69,KAPP TOSCANA GP,GROUP,2014-06-07,79,7450
7324/8-1,16,STØ FM,FORMATION,2013-09-17,159,7221
7324/8-3,74,FRUHOLMEN FM,FORMATION,2017-09-17,46,8239
7324/9-1,8,NORDMELA FM,FORMATION,2014-07-08,118,7527
7324/10-1,19,HAVERT FM,FORMATION,1989-08-19,58,1411
7325/4-1,26,FRUHOLMEN FM,FORMATION,2017-03-08,46,8211
7435/12-1,45,NORDMELA FM,FORMATION,2017-01-09,118,8228
