discovery_name,operator,status,resource,wellbore,area,field,year,discovery_id,field_id,wellbore_id
1/2-1 Blane,Repsol Norge AS,Producing,OIL,1/2-1,North Sea,BLANE,1989,43814,3437650.0,1382
1/3-1,OMV (Norge) AS,Production is unlikely,GAS,1/3-1,North Sea,,1968,43820,,154
1/3-11 (Ipswich),OMV (Norge) AS,Production is unlikely,OIL,1/3-11,North Sea,,2008,4999216,,5806
1/3-3 Tambar,Aker BP ASA,Producing,OIL,1/3-3,North Sea,TAMBAR,1983,43826,1028599.0,87
1/3-6 Oselvar,DNO Norge AS,Shut down,GAS/CONDENSATE,1/3-6,North Sea,OSELVAR,1991,43832,5506919.0,1521
1/3-K-5 Tambar Øst,Aker BP ASA,Producing,OIL,1/3-K-5,North Sea,TAMBAR ØST,2007,4999519,4999528.0,5485
1/5-2 Flyndre,Petrogas NEO UK Ltd,Producing,OIL,1/5-2,North Sea,FLYNDRE,1974,43838,24635035.0,238
1/5-3 S,,Production is unlikely,OIL,1/5-3 S,North Sea,,1998,3000726,,3257
1/6-1 Albuskjell,ConocoPhillips Skandinavia AS,Shut down,GAS/CONDENSATE,1/6-1,North Sea,ALBUSKJELL,1972,43844,43437.0,239
1/9-1 Tommeliten Alpha,ConocoPhillips Skandinavia AS,Production in clarification phase,GAS/CONDENSATE,1/9-1,North Sea,,1977,43850,,243
1/9-4 Tommeliten Gamma,ConocoPhillips Skandinavia AS,Shut down,GAS/CONDENSATE,1/9-4,North Sea,TOMMELITEN GAMMA,1978,43856,43444.0,247
15/12 (Flemming),Repsol Norge AS,Production is unlikely,,?,North Sea,,1991,48241,,0
15/12-12 Rev,Repsol Norge AS,Producing,OIL/GAS,15/12-12,North Sea,REV,2001,1626017,4467554.0,3391
15/12-18 A,OKEA ASA,Included in other discovery,OIL,15/12-18 A,North Sea,,2007,4554325,,5608
15/12-18 S (Storskrymten),OKEA ASA,Production in clarification phase,OIL,15/12-18 S,North Sea,,2007,4554315,,5607
15/12-19,A/S Norske Shell,Included in other discovery,GAS,15/12-19,North Sea,GAUPE,2008,4972729,18161341.0,5705
15/12-20 S,Chrysaor Norge AS,Included in other discovery,OIL,15/12-20 S,North Sea,VARG,2008,5010042,43451.0,5824
15/12-21 (Grevling),OKEA ASA,Production in clarification phase,OIL,15/12-21,North Sea,,2009,5490719,,6047
15/12-4 Varg,Chrysaor Norge AS,Shut down,OIL,15/12-4,North Sea,VARG,1984,43868,43451.0,438
15/12-8,Chrysaor Norge AS,Production is unlikely,GAS/CONDENSATE,15/12-8,North Sea,,1991,43874,,1778
15/3-1 S Gudrun,Equinor Energy AS,Producing,GAS/CONDENSATE,15/3-1 S,North Sea,GUDRUN,1975,43880,18116481.0,309
15/3-12 S,Equinor Energy AS,Production not evaluated,OIL,15/3-12 S,North Sea,,2020,36986201,,8947
15/3-4 (Sigrun),Equinor Energy AS,Production not evaluated,OIL/GAS,15/3-4,North Sea,,1982,43886,,314
15/3-9,Equinor Energy AS,Included in other discovery,OIL/GAS,15/3-9,North Sea,GUDRUN,2010,18212532,18116481.0,6354
15/5 (J-Struktur),,Production is unlikely,GAS,?,,,1984,5268233,,0
15/5 Enoch,Repsol Sinopec North Sea Limited,Producing,OIL,?,North Sea,ENOCH,1985,48253,3437659.0,0
15/5-1 Gina Krog,Equinor Energy AS,Producing,OIL/GAS,15/5-1,North Sea,GINA KROG,1978,43892,23384544.0,315
15/5-2 Eirin,Equinor Energy AS,Production not evaluated,GAS,15/5-2,North Sea,,1978,43898,,316
15/5-5 Glitne,Aker BP ASA,Shut down,OIL,15/5-5,North Sea,GLITNE,1995,43904,1272071.0,2635
15/6-10 (Freke),Aker BP ASA,Production is unlikely,GAS/CONDENSATE,15/6-10,North Sea,,2009,5490439,,6030
15/6-12 (McHenry),Equinor Energy AS,Production is unlikely,OIL,15/6-12,North Sea,,2011,20415304,,6518
15/6-13,Equinor Energy AS,Production is unlikely,OIL/GAS,15/6-13,North Sea,,2015,26443908,,7667
15/6-3 Sleipner Vest,Equinor Energy AS,Producing,GAS,15/6-3,North Sea,SLEIPNER VEST,1974,43910,43457.0,318
15/8-1 Utgard,Equinor Energy AS,Producing,GAS,15/8-1,North Sea,UTGARD,1982,43916,28975098.0,321
15/9-15 Gungne,Equinor Energy AS,Producing,GAS,15/9-15,North Sea,GUNGNE,1982,43922,43464.0,74
15/9-17 Loke,Equinor Energy AS,Included in other discovery,GAS/CONDENSATE,15/9-17,North Sea,SLEIPNER ØST,1983,43928,43478.0,60
15/9-19 S Volve,,Shut down,OIL,15/9-19 SR,North Sea,VOLVE,1993,43934,3420717.0,2105
15/9-20 S,Equinor Energy AS,Included in other discovery,GAS/CONDENSATE,15/9-20 S,North Sea,GUNGNE,1994,43940,43464.0,2319
15/9-9 Sleipner Øst,Equinor Energy AS,Producing,GAS/CONDENSATE,15/9-9,North Sea,SLEIPNER ØST,1981,43946,43478.0,328
15/9-B-1,Equinor Energy AS,Included in other discovery,GAS/CONDENSATE,15/9-B-1,North Sea,SLEIPNER VEST,2009,17250040,43457.0,5870
16/1-12 (Rolvsnes),Lundin Energy Norway AS,Production in clarification phase,OIL,16/1-12,North Sea,,2009,17196400,,6166
16/1-14 (Apollo),Lundin Energy Norway AS,Production is unlikely,OIL,16/1-14,North Sea,,2010,18437181,,6399
16/1-26 S,Aker BP ASA,Production not evaluated,OIL/GAS,16/1-26 S,North Sea,,2016,28245194,,7915
16/1-29 S (Lille Prinsen),Equinor Energy AS,Production not evaluated,OIL/GAS,16/1-29 S,North Sea,,2018,32017087,,8383
16/1-4,Lundin Energy Norway AS,Production is unlikely,GAS/CONDENSATE,16/1-4,North Sea,,1993,3000757,,2072
16/1-6 S (Verdandi),Equinor Energy AS,Production is unlikely,GAS,16/1-6 S,North Sea,,2003,2449370,,4711
16/1-7,Aker BP ASA,Included in other discovery,OIL,16/1-7,North Sea,IVAR AASEN,2004,2819923,23384520.0,4928
16/1-8 Edvard Grieg,Lundin Energy Norway AS,Producing,OIL,16/1-8,North Sea,EDVARD GRIEG,2007,4530554,21675433.0,5612
16/1-9 Ivar Aasen,Aker BP ASA,Producing,OIL,16/1-9,North Sea,IVAR AASEN,2008,4972697,23384520.0,5773
16/2-3 (Ragnarock),Equinor Energy AS,Production not evaluated,OIL,16/2-3,North Sea,,2007,4527337,,5551
16/2-4,Equinor Energy AS,Production not evaluated,OIL/GAS,16/2-4,North Sea,,2007,17237080,,5625
16/2-5,Equinor Energy AS,Production not evaluated,GAS,16/2-5,North Sea,,2009,5490457,,6042
16/2-6 Johan Sverdrup,Equinor Energy AS,Producing,OIL,16/2-6,North Sea,JOHAN SVERDRUP,2010,18387202,26376286.0,6374
16/4-4 (Biotitt),,Production is unlikely,GAS/CONDENSATE,16/4-4,North Sea,,2007,4445817,,5441
16/4-6 S Solveig,Lundin Energy Norway AS,Approved for production,OIL,16/4-6 S,North Sea,SOLVEIG,2013,23295901,34833011.0,7098
16/5-8 S (Goddo),Lundin Energy Norway AS,Production is unlikely,OIL,16/5-8 S,North Sea,,2019,34949135,,8704
16/7-10,,Production is unlikely,GAS,16/7-10,North Sea,,2011,21060729,,6607
16/7-2,,Production is unlikely,GAS,16/7-2,North Sea,,1982,43952,,40
16/7-4 Sigyn,Equinor Energy AS,Producing,GAS/CONDENSATE,16/7-4,North Sea,SIGYN,1982,45625,1630100.0,91
16/7-7 S,Equinor Energy AS,Included in other discovery,OIL,16/7-7 S,North Sea,SIGYN,1997,45641,1630100.0,3244
17/12-1 Vette,Repsol Norge AS,Production in clarification phase,OIL,17/12-1 R,North Sea,,1972,43964,,514
17/12-2 (Brisling),Repsol Norge AS,Production is unlikely,OIL,17/12-2,North Sea,,1973,43970,,340
17/3-1,,Production is unlikely,GAS,17/3-1,North Sea,,1995,43976,,2576
18/10-1 (Mackerel),Repsol Norge AS,Production is unlikely,OIL,18/10-1,North Sea,,1980,43982,,342
2/1-11,,Production is unlikely,OIL,2/1-11,North Sea,,1997,43988,,2699
2/11-10 S,Aker BP ASA,Included in other discovery,OIL,2/11-10 S,North Sea,HOD,1994,43994,43485.0,2297
2/11-2 Hod,Aker BP ASA,Producing,OIL,2/11-2,North Sea,HOD,1974,44000,43485.0,285
2/1-17 S (Kark),,Production is unlikely,OIL,2/1-17 S,North Sea,,2019,35318586,,8851
2/12-1 Mjølner,INEOS E&P Norge AS,Production likely but unclarified,OIL,2/12-1,North Sea,,1987,44006,,1014
2/1-3 Gyda,Repsol Norge AS,Shut down,OIL,2/1-3,North Sea,GYDA,1980,44012,43492.0,251
2/1-9 Gyda Sør,Repsol Norge AS,Included in other discovery,OIL,2/1-9,North Sea,GYDA,1991,44018,43492.0,1667
2/2-1 (Møyfrid),A/S Norske Shell,Production is unlikely,OIL/GAS,2/2-1,North Sea,,1982,44024,,46
2/2-2 (Desmond),A/S Norske Shell,Production is unlikely,GAS,2/2-2,North Sea,,1982,44030,,80
2/2-5 (Bumblebee),A/S Norske Shell,Production is unlikely,OIL,2/2-5,North Sea,,1992,44036,,1846
2/3-1 (Løven),A/S Norske Shell,Production is unlikely,GAS,2/3-1,North Sea,,1969,44042,,162
2/4-10,ConocoPhillips Skandinavia AS,Production is unlikely,OIL,2/4-10,North Sea,,1973,44048,,254
2/4-11 (Espen),Aker BP ASA,Production is unlikely,OIL,2/4-11,North Sea,,1974,44054,,255
2/4-14,Aker BP ASA,Production is unlikely,OIL,2/4-14,North Sea,,1989,34735108,,1343
2/4-17 Tjalve,ConocoPhillips Skandinavia AS,Production not evaluated,GAS/CONDENSATE,2/4-17,North Sea,,1992,44066,,1792
2/4-2 Ekofisk,ConocoPhillips Skandinavia AS,Producing,OIL,2/4-2,North Sea,EKOFISK,1969,44072,43506.0,172
2/4-21 (King Lear),Aker BP ASA,Production in clarification phase,GAS/CONDENSATE,2/4-21,North Sea,,2012,21669700,,6736
2/4-22 S (Romeo),Aker BP ASA,Production is unlikely,OIL,2/4-22 S,North Sea,,2015,26264813,,7535
2/4-23 S (Julius),Aker BP ASA,Included in other discovery,GAS/CONDENSATE,2/4-23 S,North Sea,,2015,26463461,,7657
2/4-6 Vest Ekofisk,ConocoPhillips Skandinavia AS,Shut down,GAS/CONDENSATE,2/4-6,North Sea,VEST EKOFISK,1970,44078,43513.0,181
2/5-1 Tor,ConocoPhillips Skandinavia AS,Producing,OIL,2/5-1,North Sea,TOR,1970,44084,43520.0,178
2/5-11 (Tjatse),MOL Norge AS,Production is unlikely,OIL,2/5-11,North Sea,,1997,46293,,3084
2/5-3 (Sørøst Tor),DNO Norge AS,Production is unlikely,OIL,2/5-3,North Sea,,1972,44090,,258
2/5-4 (Siv),DNO Norge AS,Production is unlikely,OIL,2/5-4,North Sea,,1972,44096,,259
2/5-7,MOL Norge AS,Production is unlikely,OIL,2/5-7,North Sea,,1984,44102,,25
2/6-5,MOL Norge AS,Production is unlikely,OIL,2/6-5,North Sea,,1997,44108,,2885
2/7-1 Eldfisk,ConocoPhillips Skandinavia AS,Producing,OIL,2/7-1,North Sea,ELDFISK,1970,44114,43527.0,179
2/7-19 (Ebba),ConocoPhillips Skandinavia AS,Production is unlikely,OIL,2/7-19,North Sea,,1981,44120,,1367
2/7-2,ConocoPhillips Skandinavia AS,Production is unlikely,OIL/GAS,2/7-2,North Sea,,1971,44126,,187
2/7-20 Embla,ConocoPhillips Skandinavia AS,Producing,OIL,2/7-20,North Sea,EMBLA,1988,44132,43534.0,1062
2/7-22,OMV (Norge) AS,Production is unlikely,GAS,2/7-22,North Sea,,1990,44138,,1495
2/7-29,OMV (Norge) AS,Production is unlikely,OIL,2/7-29,North Sea,,1994,44144,,2124
2/7-31,ConocoPhillips Skandinavia AS,Included in other discovery,OIL,2/7-31,North Sea,,1999,105311,,3573
2/7-4 Edda,ConocoPhillips Skandinavia AS,Shut down,OIL,2/7-4,North Sea,EDDA,1972,44150,43541.0,263
2/7-8,ConocoPhillips Skandinavia AS,Included in other discovery,OIL,2/7-8,North Sea,ELDFISK,1973,44156,43527.0,267
2/8-6 Valhall,Aker BP ASA,Producing,OIL,2/8-6,North Sea,VALHALL,1975,44162,43548.0,276
24/12-3 S,,Production is unlikely,OIL,24/12-3 S,North Sea,,1996,44168,,2823
24/6-1 (Peik),Equinor Energy AS,Production likely but unclarified,GAS/CONDENSATE,24/6-1,North Sea,,1985,44174,,443
24/6-2 Alvheim,Aker BP ASA,Producing,OIL/GAS,24/6-2,North Sea,ALVHEIM,1998,45828,2845712.0,3397
24/6-4 Alvheim,Aker BP ASA,Included in other discovery,OIL/GAS,24/6-4,North Sea,ALVHEIM,2003,2472552,2845712.0,4745
24/9-10 S (Caterpillar),Aker BP ASA,Production not evaluated,OIL,24/9-10 S,North Sea,,2011,20415286,,6531
24/9-12 S (Frosk),Aker BP ASA,Production in clarification phase,OIL,24/9-12 S,North Sea,,2018,31140456,,8331
24/9-13 (Rumpetroll),Aker BP ASA,Production not evaluated,GAS,24/9-13,North Sea,,2019,34925894,,8613
24/9-14 S (Froskelår),Aker BP ASA,Production likely but unclarified,OIL/GAS,24/9-14 S,North Sea,,2019,34750020,,8621
24/9-15 S (Froskelår Nordøst),Aker BP ASA,Production likely but unclarified,OIL,24/9-15 S,North Sea,,2019,34925263,,8675
24/9-3,Aker BP ASA,Production is unlikely,OIL,24/9-3,North Sea,,1981,44180,,346
24/9-5 Volund,Aker BP ASA,Producing,OIL,24/9-5,North Sea,VOLUND,1994,44186,4380167.0,2244
24/9-9 S Bøyla,Aker BP ASA,Producing,OIL,24/9-9 S,North Sea,BØYLA,2009,17237206,22492497.0,6222
25/10-11,ConocoPhillips Skandinavia AS,Production is unlikely,GAS,25/10-11,North Sea,,2011,20499806,,6563
25/10-8 Hanz,Aker BP ASA,Approved for production,OIL/GAS,25/10-8,North Sea,HANZ,1997,44198,25307278.0,2955
25/1-1 Frigg,Equinor Energy AS,Shut down,GAS,25/1-1,North Sea,FRIGG,1971,44204,43555.0,190
25/11-1 Balder,Vår Energi AS,Producing,OIL,25/11-1,North Sea,BALDER,1967,44210,43562.0,143
25/1-11 R Skogul,Aker BP ASA,Producing,OIL,25/1-11 R,North Sea,SKOGUL,2010,18086221,31164600.0,6368
25/11-15 Grane,Equinor Energy AS,Producing,OIL,25/11-15,North Sea,GRANE,1991,44216,1035937.0,1872
25/11-16 Svalin,Equinor Energy AS,Producing,OIL,25/11-16,North Sea,SVALIN,1992,44222,22507971.0,1920
25/11-24 (Jakob Sør),Equinor Energy AS,Production is unlikely,OIL,25/11-24,North Sea,,2007,4457094,,5470
25/11-25 S Svalin,Equinor Energy AS,Included in other discovery,OIL,25/11-25 S,North Sea,SVALIN,2008,4972673,22507971.0,5642
25/11-27 (F-struktur),Equinor Energy AS,Included in other discovery,OIL,25/11-27,North Sea,,2013,23395692,,7179
25/1-4 Nordøst Frigg,Equinor Energy AS,Shut down,GAS,25/1-4,North Sea,NORDØST FRIGG,1974,44228,43568.0,350
25/1-9 (Litjklakken),Aker BP ASA,Production is unlikely,OIL/GAS,25/1-9,North Sea,,1986,2786238,,1001
25/2-1 Øst Frigg,Aker BP ASA,Shut down,GAS,25/2-1,North Sea,ØST FRIGG,1973,44234,43576.0,353
25/2-10 S (Frigg-GammaDelta),Aker BP ASA,Production in clarification phase,OIL/GAS,25/2-10 S,North Sea,,1986,2429169,,855
25/2-17,Aker BP ASA,Included in other discovery,OIL,25/2-17,North Sea,,2009,17237215,,6215
25/2-18 S (Langfjellet),Aker BP ASA,Production in clarification phase,OIL,25/2-18 S,North Sea,,2016,28245710,,8023
25/2-21 (Liatårnet),Aker BP ASA,Production not evaluated,OIL,25/2-21,North Sea,,2019,34925272,,8814
25/2-4 Lille-Frigg,Aker BP ASA,Shut down,GAS/CONDENSATE,25/2-4,North Sea,LILLE-FRIGG,1975,44240,43583.0,356
25/2-5 Lille Frøy,Aker BP ASA,Production in clarification phase,OIL/GAS,25/2-5,North Sea,,1976,44246,,357
25/4-1 Heimdal,Equinor Energy AS,Producing,GAS,25/4-1,North Sea,HEIMDAL,1972,44252,43590.0,359
25/4-10 A,Aker BP ASA,Production is unlikely,GAS,25/4-10 A,North Sea,,2009,17312260,,6255
25/4-10 S,Aker BP ASA,Included in other discovery,OIL,25/4-10 S,North Sea,ALVHEIM,2009,17256863,2845712.0,6253
25/4-2 (Trine),Aker BP ASA,Production in clarification phase,OIL,25/4-2,North Sea,,1973,21076955,,360
25/4-3 (Gekko),Aker BP ASA,Included in other discovery,OIL/GAS,25/4-3,North Sea,ALVHEIM,1974,1630312,2845712.0,361
25/4-6 S Vale,Spirit Energy Norway AS,Producing,GAS/CONDENSATE,25/4-6 S,North Sea,VALE,1991,44258,1578893.0,1703
25/4-7 Alvheim,Aker BP ASA,Included in other discovery,OIL,25/4-7,North Sea,ALVHEIM,2003,2420578,2845712.0,4716
25/4-9 S Vilje,Aker BP ASA,Producing,OIL,25/4-9 S,North Sea,VILJE,2003,2472606,3392471.0,4278
25/5-1 Frøy,Aker BP ASA,Shut down,OIL,25/5-1,North Sea,FRØY,1987,44264,43597.0,884
25/5-3 Skirne,Total E&P Norge AS,Producing,GAS/CONDENSATE,25/5-3,North Sea,SKIRNE,1990,44270,2138816.0,1488
25/5-4 Byggve,Total E&P Norge AS,Included in other discovery,GAS/CONDENSATE,25/5-4,North Sea,SKIRNE,1991,44276,2138816.0,1691
25/5-5 (Tir),Aker BP ASA,Production is unlikely,OIL,25/5-5,North Sea,,1995,44282,,2661
25/5-7 Atla,Total E&P Norge AS,Producing,GAS/CONDENSATE,25/5-7,North Sea,ATLA,2010,18404420,21106284.0,6423
25/5-9 (Trell),Aker BP ASA,Production in clarification phase,OIL,25/5-9,North Sea,,2014,24567425,,7345
25/6-1,Vår Energi AS,Production is unlikely,OIL,25/6-1,North Sea,,1986,44288,,524
25/6-5 S (Skirne Øst),Vår Energi AS,Production is unlikely,GAS/CONDENSATE,25/6-5 S,North Sea,,2015,26336791,,7662
25/7-2,ConocoPhillips Skandinavia AS,Production is unlikely,GAS/CONDENSATE,25/7-2,North Sea,,1990,44294,,1494
25/7-3 Jotun,Vår Energi AS,Included in other discovery,OIL,25/7-3,North Sea,JOTUN,1995,44300,43604.0,2623
25/7-5,Aker BP ASA,Included in other discovery,OIL,25/7-5,North Sea,ALVHEIM,1997,44306,2845712.0,3132
25/7-7 (Busta),ConocoPhillips Skandinavia AS,Production not evaluated,GAS/CONDENSATE,25/7-7,North Sea,,2019,35318602,,8846
25/7-8 S,ConocoPhillips Skandinavia AS,Production is unlikely,OIL/GAS,25/7-8 S,North Sea,,2020,36503081,,8933
25/8-1 (Ringhorne Forseti),Vår Energi AS,Included in other discovery,OIL,25/8-1,North Sea,BALDER,1970,44312,43562.0,173
25/8-10 S Ringhorne,Vår Energi AS,Included in other discovery,OIL,25/8-10 S,North Sea,BALDER,1997,52316,43562.0,3062
25/8-11 Ringhorne,Vår Energi AS,Included in other discovery,OIL,25/8-11,North Sea,BALDER,1997,44318,43562.0,3209
25/8-14 S,Vår Energi AS,Producing,OIL,25/8-14 S,North Sea,RINGHORNE ØST,2003,2472571,3505505.0,4805
25/8-16 S (Eitri),Vår Energi AS,Production is unlikely,OIL,25/8-16 S,North Sea,,2009,5506890,,6082
25/8-17 Jette,,Shut down,OIL,25/8-17,North Sea,JETTE,2009,17238186,21613906.0,6185
25/8-19 S (Iving),MOL Norge AS,Production not evaluated,OIL/GAS,25/8-19 S,North Sea,,2019,36997934,,8932
25/8-4 (D-struktur),Equinor Energy AS,Decided for production,OIL,25/8-4,North Sea,,1992,44324,,1986
25/8-5 S Jotun,Vår Energi AS,Shut down,OIL,25/8-5 S,North Sea,JOTUN,1994,44330,43604.0,2390
25/8-8 S Jotun,Vår Energi AS,Included in other discovery,OIL,25/8-8 S,North Sea,JOTUN,1995,44336,43604.0,2646
25/8-9,Vår Energi AS,Production is unlikely,OIL,25/8-9,North Sea,,1997,44342,,2988
25/8-C-20,Vår Energi AS,Included in other discovery,OIL,25/8-C-20,North Sea,BALDER,2003,2455295,43562.0,4727
26/10-1 (Zulu Øst),Equinor Energy AS,Production is unlikely,GAS,26/10-1,North Sea,,2015,26264822,,7609
29/3-1,Equinor Energy AS,Production is unlikely,OIL/GAS,29/3-1,North Sea,,1986,44348,,904
29/6 Islay,Total E&P UK Ltd,Producing,GAS,?,North Sea,ISLAY,2008,21104520,21105675.0,0
29/6-1,Equinor Energy AS,Included in other discovery,GAS/CONDENSATE,29/6-1,North Sea,MARTIN LINGE,1982,2770139,21675447.0,375
3/7-4 Trym,DNO Norge AS,Producing,GAS/CONDENSATE,3/7-4,North Sea,TRYM,1990,44354,18081500.0,1467
3/7-8 S (Trym Sør),DNO Norge AS,Production in clarification phase,OIL/GAS,3/7-8 S,North Sea,,2013,23286464,,7058
30/10-2 Odin,Equinor Energy AS,Shut down,GAS,30/10-2,North Sea,ODIN,1974,44360,43610.0,392
30/10-6,Suncor Energy Norge AS,Production is unlikely,GAS,30/10-6,North Sea,,1992,44366,,1816
30/11-10 (Krafla Nord),Equinor Energy AS,Included in other discovery,OIL,30/11-10,North Sea,,2014,25612576,,7595
30/11-11 S (Madam Felle),Equinor Energy AS,Included in other discovery,OIL,30/11-11 S,North Sea,,2016,28160390,,7896
30/11-12 S (Askja Sørøst),Equinor Energy AS,Included in other discovery,OIL,30/11-12 S,North Sea,,2016,28184810,,7921
30/11-13 (Beerenberg),Equinor Energy AS,Included in other discovery,GAS/CONDENSATE,30/11-13,North Sea,,2016,28185156,,7948
30/11-14 (Slemmestad),Equinor Energy AS,Included in other discovery,GAS,30/11-14,North Sea,,2016,28222393,,7982
30/11-14 B (Haraldsplass),Equinor Energy AS,Included in other discovery,OIL/GAS,30/11-14 B,North Sea,,2016,28222402,,7984
30/11-5 (Steinbit),Equinor Energy AS,Included in other discovery,GAS/CONDENSATE,30/11-5,North Sea,,1997,23296145,,2986
30/11-7 (Fulla),Aker BP ASA,Production in clarification phase,GAS/CONDENSATE,30/11-7,North Sea,,2009,5490395,,5919
30/11-8 A,Equinor Energy AS,Included in other discovery,OIL/GAS,30/11-8 A,North Sea,,2011,20484993,,6611
30/11-8 S (Krafla),Equinor Energy AS,Production in clarification phase,OIL,30/11-8 S,North Sea,,2011,20460100,,6540
30/11-9 A (Askja Øst),Equinor Energy AS,Included in other discovery,OIL,30/11-9 A,North Sea,,2014,24216071,,7281
30/11-9 S (Askja),Equinor Energy AS,Included in other discovery,GAS,30/11-9 S,North Sea,,2013,23892654,,7280
30/2-1 Huldra,Equinor Energy AS,Shut down,GAS/CONDENSATE,30/2-1,North Sea,HULDRA,1982,44372,97002.0,72
30/2-5 S,Equinor Energy AS,Production not evaluated,GAS/CONDENSATE,30/2-5 S,North Sea,,2020,37065800,,9051
30/3-2  Veslefrikk,Equinor Energy AS,Producing,OIL,30/3-2 R,North Sea,VESLEFRIKK,1981,44378,43618.0,508
30/3-6 S,Equinor Energy AS,Included in other discovery,OIL,30/3-6 S,North Sea,VESLEFRIKK,1994,44384,43618.0,2269
30/3-7 A,Equinor Energy AS,Included in other discovery,GAS,30/3-7 A,North Sea,VESLEFRIKK,1998,46312,43618.0,3176
30/3-7 B,Equinor Energy AS,Included in other discovery,OIL,30/3-7 B,North Sea,VESLEFRIKK,1998,46322,43618.0,3229
30/3-7 S,Equinor Energy AS,Included in other discovery,GAS,30/3-7 S,North Sea,VESLEFRIKK,1995,44390,43618.0,2632
30/3-9,,Production is unlikely,GAS/CONDENSATE,30/3-9,North Sea,,2000,1036262,,4053
30/4-3 S,Equinor Energy AS,Included in other discovery,OIL/GAS,30/4-3 S,North Sea,MARTIN LINGE,2016,28546131,21675447.0,7961
30/5-3 A,Equinor Energy AS,Production is unlikely,GAS,30/5-3 A,North Sea,,2009,5490728,,6055
30/5-3 S (Corvus),Equinor Energy AS,Production likely but unclarified,GAS,30/5-3 S,North Sea,,2009,5490430,,6043
30/6-1 Oseberg,Equinor Energy AS,Producing,OIL/GAS,30/6-1,North Sea,OSEBERG,1979,44396,43625.0,380
30/6-14,Equinor Energy AS,Included in other discovery,OIL,30/6-14,North Sea,OSEBERG ØST,1984,44402,43639.0,53
30/6-15 Oseberg Vest,Equinor Energy AS,Included in other discovery,OIL/GAS,30/6-15,North Sea,OSEBERG,1984,44408,43625.0,110
30/6-16,Equinor Energy AS,Production is unlikely,OIL,30/6-16,North Sea,,1985,44414,,333
30/6-17 R,Equinor Energy AS,Included in other discovery,OIL/GAS,30/6-17 R,North Sea,OSEBERG,1986,44420,43625.0,849
30/6-18 (Kappa),Equinor Energy AS,Included in other discovery,OIL/GAS,30/6-18,North Sea,OSEBERG,1985,44426,43625.0,488
30/6-19 (Beta Sadel),Equinor Energy AS,Included in other discovery,OIL,30/6-19,North Sea,OSEBERG ØST,1986,44432,43639.0,489
30/6-26 (Gamma Vest),Equinor Energy AS,Included in other discovery,OIL/GAS,30/6-26,North Sea,OSEBERG,2001,1632058,43625.0,4416
30/6-27,Equinor Energy AS,Included in other discovery,OIL/GAS,30/6-27,North Sea,OSEBERG,2001,1632112,43625.0,4425
30/6-28 S,Equinor Energy AS,Included in other discovery,OIL,30/6-28 S,North Sea,OSEBERG,2012,21660341,43625.0,6768
30/6-29 S (Alfa Nord Cook),Equinor Energy AS,Included in other discovery,OIL,30/6-29 S,North Sea,OSEBERG,2015,27115569,43625.0,7801
30/6-30 (Rungne),,Production is unlikely,GAS/CONDENSATE,30/6-30,North Sea,,2018,33341464,,8569
30/6-5 Oseberg Øst,Equinor Energy AS,Producing,OIL,30/6-5,North Sea,OSEBERG ØST,1981,44438,43639.0,118
30/6-9,Equinor Energy AS,Included in other discovery,OIL/GAS,30/6-9,North Sea,OSEBERG,1982,2770154,43625.0,83
30/7-2,Equinor Energy AS,Included in other discovery,OIL,30/7-2,North Sea,MARTIN LINGE,1975,44444,21675447.0,385
30/7-6 Martin Linge,Equinor Energy AS,Approved for production,GAS/CONDENSATE,30/7-6 R,North Sea,MARTIN LINGE,1978,44450,21675447.0,507
30/8-1 S Tune,Equinor Energy AS,Producing,GAS/CONDENSATE,30/8-1 S,North Sea,TUNE,1995,44456,853376.0,2430
30/8-1 SR,Equinor Energy AS,Production is unlikely,GAS/CONDENSATE,30/8-1 SR,North Sea,,1996,23465984,,2719
30/8-3,Equinor Energy AS,Production is unlikely,GAS,30/8-3,North Sea,,1998,45614,,3246
30/8-4 S,Equinor Energy AS,Production is unlikely,OIL,30/8-4 S,North Sea,,2009,5466601,,5974
30/9-10 Oseberg Sør,Equinor Energy AS,Included in other discovery,OIL,30/9-10,North Sea,OSEBERG SØR,1990,44468,43645.0,1514
30/9-13 S Oseberg Sør,Equinor Energy AS,Included in other discovery,OIL/GAS,30/9-13 S,North Sea,OSEBERG SØR,1991,44474,43645.0,1811
30/9-15 Oseberg Sør,Equinor Energy AS,Included in other discovery,OIL,30/9-15,North Sea,OSEBERG SØR,1994,44480,43645.0,2223
30/9-16 K Oseberg Sør,Equinor Energy AS,Included in other discovery,OIL/GAS,30/9-16,North Sea,OSEBERG SØR,1994,44486,43645.0,2361
30/9-19,Equinor Energy AS,Included in other discovery,OIL/GAS,30/9-19,North Sea,OSEBERG,1998,96300,43625.0,3561
30/9-20 S,Equinor Energy AS,Included in other discovery,OIL,30/9-20 S,North Sea,OSEBERG SØR,2002,2066145,43645.0,4463
30/9-21 A,Equinor Energy AS,Production is unlikely,OIL,30/9-21 A,North Sea,,2008,5010058,,5805
30/9-22 Stjerne,Equinor Energy AS,Included in other discovery,OIL/GAS,30/9-22,North Sea,OSEBERG SØR,2009,5490404,43645.0,6034
30/9-27 S (Parkes),Equinor Energy AS,Included in other discovery,OIL,30/9-27 S,North Sea,OSEBERG,2015,26464991,43625.0,7522
30/9-28 S,Equinor Energy AS,Included in other discovery,GAS,30/9-28 S,North Sea,OSEBERG SØR,2016,28123140,43645.0,7869
30/9-3 Oseberg Sør,Equinor Energy AS,Producing,OIL,30/9-3,North Sea,OSEBERG SØR,1984,44492,43645.0,55
30/9-4 S Oseberg Sør,Equinor Energy AS,Included in other discovery,OIL/GAS,30/9-4 S,North Sea,OSEBERG SØR,1985,44498,43645.0,452
30/9-5 S Oseberg Sør,Equinor Energy AS,Included in other discovery,GAS,30/9-5 S,North Sea,OSEBERG SØR,1985,44504,43645.0,478
30/9-6 Oseberg Sør,Equinor Energy AS,Included in other discovery,OIL,30/9-6,North Sea,OSEBERG SØR,1987,44510,43645.0,1027
30/9-7 Oseberg Sør,Equinor Energy AS,Included in other discovery,OIL,30/9-7,North Sea,OSEBERG SØR,1988,44516,43645.0,1306
30/9-9 Oseberg Sør,Equinor Energy AS,Included in other discovery,OIL,30/9-9,North Sea,OSEBERG SØR,1989,44522,43645.0,1442
31/1-2 S,Equinor Energy AS,Production not evaluated,OIL/GAS,31/1-2 S,North Sea,,2021,38216372,,9178
31/2-1 (Troll Vest),Equinor Energy AS,Producing,OIL/GAS,31/2-1,North Sea,TROLL,1979,44534,46437.0,398
31/2-N-11 H,Equinor Energy AS,Shut down,OIL,31/2-N-11 H,North Sea,TROLL BRENT B,2005,3465918,29398828.0,5102
31/4-11,Wintershall Dea Norge AS,Included in other discovery,OIL,31/4-11,North Sea,BRAGE,2000,1626899,43651.0,4147
31/4-3 Brage,Wintershall Dea Norge AS,Producing,OIL,31/4-3,North Sea,BRAGE,1980,44546,43651.0,402
31/4-A-1-A,Wintershall Dea Norge AS,Included in other discovery,OIL,31/4-A-1 A,North Sea,BRAGE,2008,5081894,43651.0,5843
31/4-A-30 B,Wintershall Dea Norge AS,Included in other discovery,OIL,31/4-A-30 B,North Sea,BRAGE,2004,2820014,43651.0,4890
31/6-1 (Troll Øst),Equinor Energy AS,Producing,OIL/GAS,31/6-1,North Sea,TROLL,1983,44552,46437.0,22
31/7-1 (Brasse),DNO Norge AS,Production in clarification phase,OIL/GAS,31/7-1,North Sea,,2016,28222384,,7954
33/12-1 Statfjord,Equinor Energy AS,Producing,OIL,33/12-1,North Sea,STATFJORD,1974,44558,43658.0,417
33/12-8 A Skinfaks,Equinor Energy AS,Included in other discovery,OIL/GAS,33/12-8 A,North Sea,GULLFAKS SØR,2002,2074147,43699.0,4532
33/12-8 S Skinfaks,Equinor Energy AS,Included in other discovery,OIL/GAS,33/12-8 S,North Sea,GULLFAKS SØR,2002,2074087,43699.0,4493
33/12-9 S (Skinfaks Sør),Equinor Energy AS,Included in other discovery,OIL,33/12-9 S,North Sea,GULLFAKS SØR,2012,21334454,43699.0,6729
33/2-2 S (Morkel),Suncor Energy Norge AS,Production is unlikely,OIL,33/2-2 S,North Sea,,2015,26375958,,7630
33/9  Murchison,,Shut down,OIL,?,North Sea,MURCHISON,1975,44570,43665.0,0
33/9-19 S Sygna,Equinor Energy AS,Producing,OIL,33/9-19 S,North Sea,SYGNA,1996,44564,104718.0,2830
33/9-6 DELTA,,Shut down,OIL,33/9-6,North Sea,,1976,44576,,411
33/9-7 Statfjord Øst,Equinor Energy AS,Producing,OIL,33/9-7,North Sea,STATFJORD ØST,1976,44582,43672.0,412
33/9-8 Statfjord Nord,Equinor Energy AS,Producing,OIL,33/9-8,North Sea,STATFJORD NORD,1977,44588,43679.0,413
34/10-1 Gullfaks,Equinor Energy AS,Producing,OIL,34/10-1,North Sea,GULLFAKS,1978,44594,43686.0,424
34/10-17 Rimfaks,Equinor Energy AS,Included in other discovery,OIL/GAS,34/10-17,North Sea,GULLFAKS SØR,1983,44600,43699.0,5
34/10-2 Gullfaks Sør,Equinor Energy AS,Producing,OIL/GAS,34/10-2,North Sea,GULLFAKS SØR,1978,44606,43699.0,425
34/10-23 Valemon,Equinor Energy AS,Producing,GAS/CONDENSATE,34/10-23,North Sea,VALEMON,1985,44618,20460969.0,476
34/10-34 Gullfaks Vest,Equinor Energy AS,Included in other discovery,OIL,34/10-34,North Sea,GULLFAKS,1991,44624,43686.0,1747
34/10-37 Gullveig,Equinor Energy AS,Included in other discovery,OIL/GAS,34/10-37,North Sea,GULLFAKS SØR,1995,44630,43699.0,2431
34/10-40 S,Equinor Energy AS,Production is unlikely,GAS,34/10-40 S,North Sea,,1995,44636,,2634
34/10-43 S,Equinor Energy AS,Included in other discovery,OIL,34/10-43 S,North Sea,GULLFAKS SØR,2001,1628630,43699.0,4247
34/10-44 S (Rimfaks Lunde),Equinor Energy AS,Included in other discovery,OIL/GAS,34/10-44 S,North Sea,GULLFAKS SØR,2001,1630418,43699.0,4422
34/10-45 B,Equinor Energy AS,Included in other discovery,GAS/CONDENSATE,34/10-45 B,North Sea,GULLFAKS,2003,2482767,43686.0,4824
34/10-45 S,Equinor Energy AS,Included in other discovery,GAS/CONDENSATE,34/10-45 S,North Sea,GULLFAKS,2002,1853762,43686.0,4450
34/10-46 A,Equinor Energy AS,Included in other discovery,OIL/GAS,34/10-46 A,North Sea,GULLFAKS,2002,2066044,43686.0,4500
34/10-46 S,Equinor Energy AS,Included in other discovery,GAS,34/10-46 S,North Sea,GULLFAKS,2002,23296579,43686.0,4489
34/10-47 S Gulltopp,Equinor Energy AS,Included in other discovery,OIL,34/10-47 S,North Sea,GULLFAKS SØR,2002,2144184,43699.0,4609
34/10-48 S Gimle,Equinor Energy AS,Producing,OIL,34/10-48 S,North Sea,GIMLE,2004,3000688,4005142.0,4902
34/10-49 S (Alun),Equinor Energy AS,Included in other discovery,OIL,34/10-49 S,North Sea,GULLFAKS SØR,2006,4038603,43699.0,5140
34/10-49 S (Epidot),Equinor Energy AS,Included in other discovery,OIL,34/10-49 S,North Sea,GULLFAKS SØR,2006,4038668,43699.0,5140
34/10-52 A,Equinor Energy AS,Included in other discovery,GAS,34/10-52 A,North Sea,GULLFAKS SØR,2011,21060702,43699.0,6657
34/10-52 B,Equinor Energy AS,Included in other discovery,OIL/GAS,34/10-52 B,North Sea,GULLFAKS SØR,2011,21060720,43699.0,6658
34/10-53 A,Equinor Energy AS,Included in other discovery,GAS/CONDENSATE,34/10-53 A,North Sea,GULLFAKS SØR,2011,20474194,43699.0,6495
34/10-53 S,Equinor Energy AS,Included in other discovery,GAS/CONDENSATE,34/10-53 S,North Sea,GULLFAKS SØR,2011,20415280,43699.0,6212
34/10-54 A,Equinor Energy AS,Included in other discovery,GAS,34/10-54 A,North Sea,,2014,24617709,,7254
34/10-54 S (Valemon Nord),Equinor Energy AS,Production likely but unclarified,GAS/CONDENSATE,34/10-54 S,North Sea,,2014,24617878,,7253
34/10-55 S,Equinor Energy AS,Producing,OIL/GAS,34/10-55 S,North Sea,SINDRE,2017,29394737,29401178.0,8102
34/10-A-8,Equinor Energy AS,Included in other discovery,OIL,34/10-A-8,North Sea,GULLFAKS,2012,23375060,43686.0,1053
34/10-C-18 A,Equinor Energy AS,Included in other discovery,OIL/GAS,34/10-C-18 A,North Sea,GIMLE,2013,24618030,4005142.0,6795
34/10-K-2 H (Gullveig),Equinor Energy AS,Included in other discovery,GAS,34/10-K-2 H,North Sea,GULLFAKS SØR,1998,2417063,43699.0,3360
34/11-1 Kvitebjørn,Equinor Energy AS,Producing,GAS/CONDENSATE,34/11-1,North Sea,KVITEBJØRN,1994,44642,1036101.0,2377
34/11-2 S (Nøkken),Equinor Energy AS,Production likely but unclarified,GAS,34/11-2 S,North Sea,,1996,44648,,2733
34/11-6 S (Valemon Vest),Equinor Energy AS,Included in other discovery,GAS,34/11-6 S,North Sea,VALEMON,2017,29027071,20460969.0,8059
34/12-1 (Afrodite),Equinor Energy AS,Production likely but unclarified,GAS/CONDENSATE,34/12-1,North Sea,,2008,4972705,,5684
34/3-1 S Knarr,A/S Norske Shell,Producing,OIL,34/3-1 S,North Sea,KNARR,2008,4999474,20460988.0,5811
34/3-3 S,A/S Norske Shell,Included in other discovery,OIL,34/3-3 S,North Sea,KNARR,2011,21124644,20460988.0,6588
34/4-1 Snorre,Equinor Energy AS,Producing,OIL,34/4-1,North Sea,SNORRE,1979,44654,43718.0,422
34/4-10 (Beta Brent),Equinor Energy AS,Production is unlikely,OIL,34/4-10 R,North Sea,,2000,1030530,,4051
34/4-11 (Beta),Equinor Energy AS,Production not evaluated,OIL,34/4-11,North Sea,,2010,17826500,,6227
34/4-12 S,Equinor Energy AS,Production is unlikely,OIL,34/4-12 S,North Sea,,2010,18012830,,6283
34/4-15 A (Sjøpølse),Neptune Energy Norge AS,Production not evaluated,OIL,34/4-15 A,North Sea,,2020,38158511,,9061
34/4-15 S (Dugong),Neptune Energy Norge AS,Production not evaluated,OIL,34/4-15 S,North Sea,,2020,37086976,,9060
34/4-5,Neptune Energy Norge AS,Production is unlikely,OIL,34/4-5,North Sea,,1984,44660,,37
34/5-1 S,,Production is unlikely,OIL,34/5-1 S,North Sea,,2010,18082198,,6307
34/6-2 S (Garantiana),Equinor Energy AS,Production in clarification phase,OIL,34/6-2 S,North Sea,,2012,22506411,,6971
34/6-3 A (Akkar),Equinor Energy AS,Production is unlikely,OIL,34/6-3 A,North Sea,,2014,25307119,,7587
34/7-1-10 AH,Equinor Energy AS,Included in other discovery,OIL,34/7-I-10 AH,North Sea,TORDIS,2020,37350441,43725.0,9028
34/7-12 Tordis,Equinor Energy AS,Producing,OIL,34/7-12,North Sea,TORDIS,1987,44666,43725.0,1187
34/7-18,Equinor Energy AS,Included in other discovery,OIL,34/7-18,North Sea,TORDIS,1991,44684,43725.0,1819
34/7-21 Borg,Equinor Energy AS,Included in other discovery,OIL,34/7-21,North Sea,TORDIS,1992,44690,43725.0,2026
34/7-22 Tordis Øst,Equinor Energy AS,Included in other discovery,OIL,34/7-22,North Sea,TORDIS,1993,44696,43725.0,2167
34/7-23 S,Equinor Energy AS,Included in other discovery,OIL,34/7-23 S,North Sea,VIGDIS,1994,44702,43732.0,2296
34/7-25 S,Equinor Energy AS,Included in other discovery,OIL,34/7-25 S,North Sea,TORDIS,1996,44708,43725.0,2863
34/7-34,Equinor Energy AS,Included in other discovery,OIL,34/7-34,North Sea,VIGDIS,2009,5490421,43732.0,5973
34/7-8 Vigdis,Equinor Energy AS,Producing,OIL,34/7-8,North Sea,VIGDIS,1986,44714,43732.0,878
34/7-E-4 AH (Lomre),Equinor Energy AS,Production not evaluated,OIL,34/7-E-4 AH,North Sea,,2020,37086521,,9010
34/7-H-2,Equinor Energy AS,Production is unlikely,OIL,34/7-H-2 H,North Sea,,2013,23395970,,6811
34/8-1 Visund,Equinor Energy AS,Producing,OIL/GAS,34/8-1,North Sea,VISUND,1986,44720,43745.0,854
34/8-12 S,Equinor Energy AS,Included in other discovery,OIL,34/8-12 S,North Sea,GIMLE,2001,1853123,4005142.0,4424
34/8-14 S Visund Sør,Equinor Energy AS,Producing,OIL/GAS,34/8-14 S,North Sea,VISUND SØR,2008,5081135,20461008.0,5943
34/8-16 S (Iapetus Øst),Equinor Energy AS,Production is unlikely,GAS/CONDENSATE,34/8-16 S,North Sea,,2015,27116419,,7800
34/8-17 S,Equinor Energy AS,Included in other discovery,GAS,34/8-17 S,North Sea,VISUND,2014,24612277,43745.0,7310
34/8-18 S (Telesto),Equinor Energy AS,Included in other discovery,OIL,34/8-18 S,North Sea,VISUND,2019,34736238,43745.0,8607
34/8-4 S,Equinor Energy AS,Included in other discovery,GAS/CONDENSATE,34/8-4 S,North Sea,VISUND,1991,44726,43745.0,1683
34/8-7,,Production is unlikely,GAS,34/8-7 R,North Sea,,1993,44732,,2057
35/10-1,Equinor Energy AS,Production is unlikely,OIL,35/10-1,North Sea,,1992,23296174,,1822
35/10-2,Equinor Energy AS,Production is unlikely,GAS,35/10-2,North Sea,,1996,44738,,2783
35/10-4 A (Gnomoria),Equinor Energy AS,Production is unlikely,OIL,35/10-4 A,North Sea,,2018,33362751,,8500
35/11-13 Byrding,Equinor Energy AS,Producing,OIL/GAS,35/11-13,North Sea,BYRDING,2005,3465388,28975067.0,5063
35/11-15 S Fram H-Nord,Equinor Energy AS,Producing,OIL,35/11-15 S,North Sea,FRAM H-NORD,2007,4475297,23410947.0,5517
35/11-17 (F-Vest),Equinor Energy AS,Included in other discovery,OIL/GAS,35/11-17,North Sea,FRAM,2014,24624369,1578840.0,7408
35/11-18 (Syrah),Wintershall Dea Norge AS,Production is unlikely,OIL,35/11-18,North Sea,,2015,27122993,,7771
35/11-2 Vega Sør,Wintershall Dea Norge AS,Included in other discovery,OIL/GAS,35/11-2,North Sea,VEGA,1987,44744,4467595.0,893
35/11-20 B (Beaujolais),Wintershall Dea Norge AS,Production is unlikely,OIL,35/11-20 B,North Sea,,2016,28543133,,8036
35/11-20 S (Orion),Wintershall Dea Norge AS,Production is unlikely,OIL,35/11-20 S,North Sea,,2016,28543142,,7978
35/11-22 S (Bergand),Equinor Energy AS,Production is unlikely,OIL,35/11-22 S,North Sea,,2019,34353155,,8627
35/11-23 (Echino Sør),Equinor Energy AS,Included in other discovery,OIL/GAS,35/11-23,North Sea,FRAM,2019,35318442,1578840.0,8929
35/11-24 S (Swisher),Equinor Energy AS,Production not evaluated,OIL/GAS,35/11-24 S,North Sea,,2020,37704421,,9065
35/11-4 Fram,Equinor Energy AS,Producing,OIL/GAS,35/11-4,North Sea,FRAM,1990,44750,1578840.0,1523
35/11-5,Equinor Energy AS,Production is unlikely,OIL/GAS,35/11-5,North Sea,,1991,20460562,,1780
35/11-7,Equinor Energy AS,Included in other discovery,OIL/GAS,35/11-7,North Sea,FRAM,1992,44756,1578840.0,1979
35/11-8 S,Equinor Energy AS,Included in other discovery,OIL/GAS,35/11-8 S,North Sea,FRAM,1996,44762,1578840.0,2772
35/11-B-23-H,Equinor Energy AS,Included in other discovery,OIL,35/11-B-23 H,North Sea,FRAM,2008,4972656,1578840.0,5641
35/12-2 (Grosbeak),Wellesley Petroleum AS,Production in clarification phase,OIL/GAS,35/12-2,North Sea,,2009,5818175,,6095
35/12-6 S,Wellesley Petroleum AS,Production not evaluated,OIL,35/12-6 S,North Sea,,2018,32036437,,8431
35/2-1 (Peon),Equinor Energy AS,Production in clarification phase,GAS,35/2-1,North Sea,,2005,3465397,,5135
35/3-2 Agat,,Production is unlikely,GAS,35/3-2,North Sea,,1980,44768,,136
35/3-7 S,,Included in other discovery,GAS,35/3-7 S,North Sea,,2009,17221700,,6154
35/8-1 Vega,Wintershall Dea Norge AS,Producing,GAS/CONDENSATE,35/8-1,North Sea,VEGA,1981,44774,4467595.0,205
35/8-2 Vega,Wintershall Dea Norge AS,Included in other discovery,GAS/CONDENSATE,35/8-2,North Sea,VEGA,1982,44780,4467595.0,434
35/8-3 (Aurora),OKEA ASA,Production likely but unclarified,GAS,35/8-3,North Sea,,1988,1333027,,1288
35/8-6 A (Robbins),Wintershall Dea Norge AS,Production is unlikely,OIL,35/8-6 A,North Sea,,2016,28183437,,7941
35/9-1 Gjøa,Neptune Energy Norge AS,Producing,OIL/GAS,35/9-1,North Sea,GJØA,1989,44786,4467574.0,1375
35/9-14,,Production is unlikely,OIL,35/9-14,North Sea,,2018,31164621,,8358
35/9-2,Neptune Energy Norge AS,Included in other discovery,OIL/GAS,35/9-2,North Sea,GJØA,1991,2449421,4467574.0,1600
35/9-3,Neptune Energy Norge AS,Production is unlikely,OIL/GAS,35/9-3,North Sea,,1997,45651,,3206
35/9-6 S,,Production is unlikely,OIL/GAS,35/9-6 S,North Sea,,2010,18449542,,6429
35/9-7 Nova,Wintershall Dea Norge AS,Approved for production,OIL,35/9-7,North Sea,NOVA,2012,21667341,33197696.0,6776
36/7-1,Neptune Energy Norge AS,Included in other discovery,OIL/GAS,36/7-1,North Sea,GJØA,1996,44792,4467574.0,1794
36/7-2,Wintershall Dea Norge AS,Production is unlikely,OIL,36/7-2,North Sea,,1997,44798,,2990
36/7-4 Duva,Neptune Energy Norge AS,Approved for production,OIL/GAS,36/7-4,North Sea,DUVA,2016,28543124,34833026.0,7988
5604/22 (Lulita),,Production is unlikely,,?,,,1991,48247,,0
6/3-1 PI,A/S Norske Shell,Shut down,OIL/GAS,6/3-1,North Sea,GAUPE,1985,44804,18161341.0,450
6201/11-1,Equinor Energy AS,Production is unlikely,OIL,6201/11-1,Norwegian Sea,,1987,44810,,1134
6201/11-3 R (Albert),Equinor Energy AS,Production is unlikely,OIL,6201/11-3 R,Norwegian Sea,,2012,22492626,,7110
6204/10-2,,Production is unlikely,GAS,6204/10-2 R,Norwegian Sea,,1997,45664,,3258
6204/11-1,,Production is unlikely,GAS,6204/11-1,Norwegian Sea,,1994,44816,,2205
6302/6-1 (Tulipan),A/S Norske Shell,Production is unlikely,GAS,6302/6-1,Norwegian Sea,,2005,3505670,,5086
6305/5-1 Ormen lange,A/S Norske Shell,Producing,GAS,6305/5-1,Norwegian Sea,ORMEN LANGE,1997,44822,2762452.0,3144
6306/5-1,Neptune Energy Norge AS,Production is unlikely,GAS,6306/5-1,Norwegian Sea,,1997,44828,,3060
6405/10-1 (Midnattsol),A/S Norske Shell,Production is unlikely,GAS,6405/10-1,Norwegian Sea,,2007,4527324,,5565
6405/7-1 (Ellida),Aker BP ASA,Production is unlikely,OIL,6405/7-1,Norwegian Sea,,2003,2472532,,4749
6406/1-1 (Erlend Nord),Equinor Energy AS,Production is unlikely,GAS/CONDENSATE,6406/1-1,Norwegian Sea,,2001,1630215,,4262
6406/11-1 S,Neptune Energy Norge AS,Production is unlikely,OIL,6406/11-1 S,Norwegian Sea,,1991,45707,,1539
6406/1-2 (Sklinna),Equinor Energy AS,Production is unlikely,GAS/CONDENSATE,6406/1-2,Norwegian Sea,,2003,2455593,,4762
6406/12-3 A (Bue),Neptune Energy Norge AS,Included in other discovery,OIL,6406/12-3 A,Norwegian Sea,FENJA,2014,24689696,31164879.0,7432
6406/12-3 S Fenja,Neptune Energy Norge AS,Approved for production,OIL/GAS,6406/12-3 S,Norwegian Sea,FENJA,2014,24617697,31164879.0,7322
6406/12-4 S (Boomerang),Neptune Energy Norge AS,Production is unlikely,OIL,6406/12-4 S,Norwegian Sea,,2015,27051665,,7721
6406/12-G-1 H,Neptune Energy Norge AS,Production not evaluated,OIL,6406/12-G-1 H,Norwegian Sea,,2020,37740897,,9036
6406/2-1 Lavrans,Equinor Energy AS,Production in clarification phase,GAS/CONDENSATE,6406/2-1,Norwegian Sea,,1995,44834,,2444
6406/2-3 Kristin,Equinor Energy AS,Producing,GAS/CONDENSATE,6406/2-3,Norwegian Sea,KRISTIN,1997,44840,1854729.0,2849
6406/2-6 Ragnfrid,Equinor Energy AS,Production is unlikely,GAS/CONDENSATE,6406/2-6,Norwegian Sea,,1998,105682,,3407
6406/2-7 (Erlend),Equinor Energy AS,Production likely but unclarified,GAS/CONDENSATE,6406/2-7,Norwegian Sea,,1999,916112,,3878
6406/2-8 (Imsa),,Production is unlikely,OIL,6406/2-8,Norwegian Sea,,2015,26337302,,7618
6406/2-9 S (Ragnfrid Nord),Equinor Energy AS,Production is unlikely,GAS/CONDENSATE,6406/2-9 S,Norwegian Sea,,2019,33913959,,8562
6406/3-10 (Bergknapp),Wintershall Dea Norge AS,Production not evaluated,OIL,6406/3-10,Norwegian Sea,,2020,36998822,,8928
6406/3-2 Trestakk,Equinor Energy AS,Producing,OIL,6406/3-2,Norwegian Sea,TRESTAKK,1986,44846,29396445.0,863
6406/3-8 Maria,Wintershall Dea Norge AS,Producing,OIL/GAS,6406/3-8,Norwegian Sea,MARIA,2010,18212080,26465170.0,6350
6406/3-9,,Production is unlikely,OIL,6406/3-9,Norwegian Sea,,2012,21636940,,6594
6406/5-1,Equinor Energy AS,Production is unlikely,GAS/CONDENSATE,6406/5-1,Norwegian Sea,,2002,2074021,,4451
6406/6-3 (Mjøsa),,Production is unlikely,GAS,6406/6-3,Norwegian Sea,,2013,23411075,,7156
6406/6-4 S,,Production is unlikely,GAS/CONDENSATE,6406/6-4 S,Norwegian Sea,,2015,27052647,,7658
6406/6-6 S (Jasper),Equinor Energy AS,Production is unlikely,GAS,6406/6-6 S,Norwegian Sea,,2018,33984359,,8550
6406/9-1 Linnorm,A/S Norske Shell,Production in clarification phase,GAS,6406/9-1,Norwegian Sea,,2005,3435686,,4927
6406/9-3 (Onyx Sør),,Production is unlikely,GAS,6406/9-3,Norwegian Sea,,2013,23761877,,7141
6407/1-2 Tyrihans Sør,Equinor Energy AS,Producing,GAS/CONDENSATE,6407/1-2,Norwegian Sea,TYRIHANS,1983,44852,3960848.0,61
6407/1-3 Tyrihans Nord,Equinor Energy AS,Included in other discovery,GAS/CONDENSATE,6407/1-3,Norwegian Sea,TYRIHANS,1984,44858,3960848.0,29
6407/1-6 S,Equinor Energy AS,Production is unlikely,GAS/CONDENSATE,6407/1-6 S,Norwegian Sea,,2013,23137754,,7086
6407/1-7,,Production is unlikely,GAS/CONDENSATE,6407/1-7,Norwegian Sea,,2014,24670839,,7412
6407/1-8 S (Sierra),Equinor Energy AS,Production not evaluated,GAS,6407/1-8 S,Norwegian Sea,,2020,37741493,,9093
6407/2-5 S (Nona),Equinor Energy AS,Production in clarification phase,OIL/GAS,6407/2-5 S,Norwegian Sea,,2009,17115700,,6151
6407/2-6 S (Flyndretind),Equinor Energy AS,Production in clarification phase,OIL/GAS,6407/2-6 S,Norwegian Sea,,2010,18104628,,6351
6407/4-1 (Spinell Sør),,Production is unlikely,GAS/CONDENSATE,6407/4-1,Norwegian Sea,,1985,44864,,490
6407/5-2 S (Cortina),,Production is unlikely,GAS,6407/5-2 S,Norwegian Sea,,2011,21076978,,6648
6407/6-3 Mikkel,Equinor Energy AS,Producing,GAS/CONDENSATE,6407/6-3,Norwegian Sea,MIKKEL,1987,44870,1630514.0,1024
6407/6-6 Mikkel Sør,Equinor Energy AS,Production in clarification phase,GAS,6407/6-6,Norwegian Sea,,2008,4972665,,5636
6407/6-7 S Mikkel Sør,Equinor Energy AS,Included in other discovery,GAS,6407/6-7 S,Norwegian Sea,,2009,5506872,,6100
6407/7-1 S Njord,Equinor Energy AS,Producing,OIL,6407/7-1 S,Norwegian Sea,NJORD,1986,44876,43751.0,474
6407/7-6,Equinor Energy AS,Included in other discovery,GAS/CONDENSATE,6407/7-6,Norwegian Sea,NJORD,2000,1341958,43751.0,4172
6407/7-7 S,Equinor Energy AS,Included in other discovery,GAS/CONDENSATE,6407/7-7 S,Norwegian Sea,NJORD,2007,4527314,43751.0,5550
6407/7-8 (Noatun),Equinor Energy AS,Production likely but unclarified,GAS,6407/7-8,Norwegian Sea,,2008,5071896,,5844
6407/7-9 A,Equinor Energy AS,Included in other discovery,GAS,6407/7-9 A,Norwegian Sea,,2016,28576514,,8050
6407/7-9 S,Equinor Energy AS,Production likely but unclarified,OIL/GAS,6407/7-9 S,Norwegian Sea,,2016,28576505,,8029
6407/8-2 (Tau),,Production is unlikely,OIL/GAS,6407/8-2,Norwegian Sea,,1994,44882,,2434
6407/8-4 A,,Included in other discovery,GAS,6407/8-4 A,Norwegian Sea,,2008,5010050,,5814
6407/8-4 S,Equinor Energy AS,Production is unlikely,GAS,6407/8-4 S,Norwegian Sea,,2008,5010066,,5813
6407/8-5 A,Equinor Energy AS,Included in other discovery,OIL,6407/8-5 A,Norwegian Sea,HYME,2009,28578601,20474183.0,6153
6407/8-5 S Hyme,Equinor Energy AS,Producing,OIL,6407/8-5 S,Norwegian Sea,HYME,2009,5506881,20474183.0,6110
6407/8-6 Bauge,Equinor Energy AS,Approved for production,OIL,6407/8-6,Norwegian Sea,BAUGE,2013,23867160,29446221.0,7265
6407/9-1 Draugen,OKEA ASA,Producing,OIL,6407/9-1,Norwegian Sea,DRAUGEN,1984,44888,43758.0,133
6407/9-9 (Hasselmus),OKEA ASA,Production in clarification phase,OIL/GAS,6407/9-9,Norwegian Sea,,1999,110258,,1990
6506/11-10 (Hades-Iris),OMV (Norge) AS,Production likely but unclarified,GAS/CONDENSATE,6506/11-10,Norwegian Sea,,2018,31164710,,8317
6506/11-2 (Lange),Equinor Energy AS,Production likely but unclarified,OIL/GAS,6506/11-2,Norwegian Sea,,1991,44894,,1754
6506/11-7 Morvin,Equinor Energy AS,Producing,OIL/GAS,6506/11-7,Norwegian Sea,MORVIN,2001,1630175,4966234.0,3322
6506/12-1 Smørbukk,Equinor Energy AS,Included in other discovery,GAS/CONDENSATE,6506/12-1,Norwegian Sea,ÅSGARD,1985,44900,43765.0,1004
6506/12-12 S,Equinor Energy AS,Included in other discovery,GAS/CONDENSATE,6506/12-12 S,Norwegian Sea,ÅSGARD,2009,18104901,43765.0,6144
6506/12-3 (Lysing),Equinor Energy AS,Production in clarification phase,OIL,6506/12-3,Norwegian Sea,,1985,116294,,468
6506/12-3 Smørbukk Sør,Equinor Energy AS,Included in other discovery,OIL,6506/12-3,Norwegian Sea,ÅSGARD,1985,45846,43765.0,468
6506/5-1 S (Nidhogg),Aker BP ASA,Production not evaluated,GAS,6506/5-1 S,Norwegian Sea,,2020,36998831,,8961
6506/6-1 (Victoria),ConocoPhillips Skandinavia AS,Production is unlikely,GAS,6506/6-1,Norwegian Sea,,2000,1340823,,4122
6506/9-2 S (Fogelberg),Spirit Energy Norway AS,Production in clarification phase,GAS/CONDENSATE,6506/9-2 S,Norwegian Sea,,2010,18086230,,6332
6506/9-3 (Smørbukk Nord),Equinor Energy AS,Included in other discovery,GAS/CONDENSATE,6506/9-3,Norwegian Sea,ÅSGARD,2013,23465876,43765.0,7207
6507/10-2 S (Novus),,Production is unlikely,OIL/GAS,6507/10-2 S,Norwegian Sea,,2014,24218006,,7300
6507/11-1 Midgard,Equinor Energy AS,Producing,OIL/GAS,6507/11-1,Norwegian Sea,ÅSGARD,1981,44912,43765.0,68
6507/11-6 Sigrid,Equinor Energy AS,Production in clarification phase,GAS/CONDENSATE,6507/11-6,Norwegian Sea,,2001,1630057,,4321
6507/11-8,Equinor Energy AS,Shut down,GAS,6507/11-8,Norwegian Sea,YTTERGRYTA,2007,4475288,4973114.0,5562
6507/11-9 (Natalia),Equinor Energy AS,Production in clarification phase,GAS,6507/11-9,Norwegian Sea,,2008,4972689,,5766
6507/2-2 Marulk,Vår Energi AS,Producing,GAS,6507/2-2,Norwegian Sea,MARULK,1992,44918,18212090.0,1840
6507/2-5 S (Ørn),Equinor Energy AS,Production likely but unclarified,GAS,6507/2-5 S,Norwegian Sea,,2019,34975034,,8775
6507/3-1 Alve,Equinor Energy AS,Producing,GAS/CONDENSATE,6507/3-1,Norwegian Sea,ALVE,1990,44924,4444332.0,1533
6507/3-10 (Klara),Aker BP ASA,Production is unlikely,OIL,6507/3-10,Norwegian Sea,,2013,23465884,,7212
6507/3-12 (Osprey),Equinor Energy AS,Production not evaluated,GAS,6507/3-12,Norwegian Sea,,2017,29382152,,8097
6507/3-13,Equinor Energy AS,Production not evaluated,OIL/GAS,6507/3-13,Norwegian Sea,,2019,34781361,,8720
6507/3-3 (Idun),Aker BP ASA,Included in other discovery,GAS,6507/3-3,Norwegian Sea,SKARV,1999,105867,4704482.0,3668
6507/3-5 S,Equinor Energy AS,Included in other discovery,OIL/GAS,6507/3-5 S,Norwegian Sea,ALVE,2008,4972713,4444332.0,5307
6507/3-7 (Idun Nord),Aker BP ASA,Production likely but unclarified,GAS,6507/3-7,Norwegian Sea,,2009,5818184,,6123
6507/3-8 (Gjøk),Equinor Energy AS,Production in clarification phase,GAS,6507/3-8,Norwegian Sea,,2009,17341840,,6258
6507/3-9 S Ærfugl Nord,Aker BP ASA,Approved for production,GAS/CONDENSATE,6507/3-9 S,Norwegian Sea,ÆRFUGL NORD,2012,21695900,38542241.0,6951
6507/4-1 (Warka),ConocoPhillips Skandinavia AS,Production not evaluated,GAS,6507/4-1,Norwegian Sea,,2020,37741945,,9110
6507/5-1 Skarv,Aker BP ASA,Producing,OIL/GAS,6507/5-1,Norwegian Sea,SKARV,1998,45801,4704482.0,3683
6507/5-10 S (Slagugle),ConocoPhillips Skandinavia AS,Production not evaluated,OIL,6507/5-10 S,Norwegian Sea,,2020,37817141,,9149
6507/5-3 Ærfugl,Aker BP ASA,Producing,GAS,6507/5-3,Norwegian Sea,ÆRFUGL,2000,1036252,33310197.0,4059
6507/5-9 S (Shrek),Aker BP ASA,Production likely but unclarified,OIL/GAS,6507/5-9 S,Norwegian Sea,,2019,35315268,,8866
6507/7-13,ConocoPhillips Skandinavia AS,Production likely but unclarified,OIL,6507/7-13,Norwegian Sea,,2001,1628221,,4213
6507/7-14 S Dvalin,Wintershall Dea Norge AS,Producing,GAS,6507/7-14 S,Norwegian Sea,DVALIN,2010,18229140,29393934.0,6367
6507/7-15 S Dvalin,Wintershall Dea Norge AS,Included in other discovery,GAS,6507/7-15 S,Norwegian Sea,DVALIN,2012,21667407,29393934.0,6730
6507/7-16 S (Canela),DNO Norge AS,Production is unlikely,OIL/GAS,6507/7-16 S,Norwegian Sea,,2019,35392734,,8909
6507/7-2 Heidrun,Equinor Energy AS,Producing,OIL/GAS,6507/7-2,Norwegian Sea,HEIDRUN,1985,44930,43771.0,464
6507/8-4 Heidrun Nord,Equinor Energy AS,Included in other discovery,OIL/GAS,6507/8-4,Norwegian Sea,HEIDRUN,1990,44936,43771.0,1340
6507/8-9 (Carmen),Equinor Energy AS,Production likely but unclarified,GAS,6507/8-9,Norwegian Sea,,2017,29491636,,8218
6508/1-2,,Production is unlikely,OIL/GAS,6508/1-2,Norwegian Sea,,2011,21077280,,6551
6603/12-1 (Gro),,Production is unlikely,GAS,6603/12-1,Norwegian Sea,,2009,5798448,,5985
6604/10-1,Wintershall Dea Norge AS,Production is unlikely,GAS,6604/10-1,Norwegian Sea,,2010,20472522,,6356
6604/5-1 (Balderbrå),Wintershall Dea Norge AS,Production is unlikely,GAS,6604/5-1,Norwegian Sea,,2018,31164612,,8318
6605/8-1,,Production is unlikely,GAS,6605/8-1,Norwegian Sea,,2005,3490643,,4984
6607/12-2 S (Alve Nord),Aker BP ASA,Production likely but unclarified,OIL/GAS,6607/12-2 S,Norwegian Sea,,2011,21104629,,6642
6607/12-3,Equinor Energy AS,Production is unlikely,GAS,6607/12-3,Norwegian Sea,,2012,22528465,,7039
6607/12-4,Aker BP ASA,Production not evaluated,OIL/GAS,6607/12-4,Norwegian Sea,,2020,37741976,,9077
6608/10-11 S (Trost),Equinor Energy AS,Included in other discovery,GAS,6608/10-11 S,Norwegian Sea,URD,2006,4055854,2834734.0,5386
6608/10-12 Skuld,Equinor Energy AS,Producing,OIL,6608/10-12,Norwegian Sea,SKULD,2008,5818165,21350124.0,5949
6608/10-14 S Skuld,Equinor Energy AS,Included in other discovery,OIL/GAS,6608/10-14 S,Norwegian Sea,SKULD,2010,18086080,21350124.0,6306
6608/10-15 (Svale Nord),Equinor Energy AS,Included in other discovery,OIL,6608/10-15,Norwegian Sea,URD,2013,23761901,2834734.0,7245
6608/10-17 S (Cape Vulture),Equinor Energy AS,Production in clarification phase,OIL/GAS,6608/10-17 S,Norwegian Sea,,2017,28975188,,8065
6608/10-2 Norne,Equinor Energy AS,Producing,OIL/GAS,6608/10-2,Norwegian Sea,NORNE,1992,44942,43778.0,1782
6608/10-4,Equinor Energy AS,Included in other discovery,OIL,6608/10-4,Norwegian Sea,NORNE,1994,44948,43778.0,2256
6608/10-6 Svale,Equinor Energy AS,Producing,OIL,6608/10-6,Norwegian Sea,URD,2000,1030536,2834734.0,3260
6608/10-8 Stær,Equinor Energy AS,Included in other discovery,OIL,6608/10-8,Norwegian Sea,URD,2002,2074060,2834734.0,4439
6608/10-9 Lerke,Equinor Energy AS,Included in other discovery,OIL,6608/10-9,Norwegian Sea,URD,2003,2391586,2834734.0,4668
6608/11-2 (Falk),,Production is unlikely,OIL,6608/11-2,Norwegian Sea,,2000,1340747,,4189
6608/11-4 Linerle,,Included in other discovery,OIL,6608/11-4,Norwegian Sea,,2004,2820030,,4939
6611/1-1 (Toutatis),Wintershall Dea Norge AS,Production is unlikely,OIL,6611/1-1,Norwegian Sea,,2019,35351868,,8887
6705/10-1 (Asterix),Equinor Energy AS,Production in clarification phase,GAS,6705/10-1,Norwegian Sea,,2009,5466760,,6044
6706/11-2 (Gymir),Equinor Energy AS,Production is unlikely,GAS,6706/11-2,Norwegian Sea,,2015,26376004,,7709
6706/12-1,Equinor Energy AS,Included in other discovery,GAS,6706/12-1,Norwegian Sea,AASTA HANSTEEN,2008,5010082,23395946.0,5867
6706/12-2 (Snefrid Nord),Equinor Energy AS,Included in other discovery,OIL/GAS,6706/12-2,Norwegian Sea,AASTA HANSTEEN,2015,26311166,23395946.0,7651
6706/12-3 (Roald Rygg),,Production is unlikely,GAS,6706/12-3,Norwegian Sea,,2015,26336800,,7666
6706/6-1 (Hvitveis),,Production is unlikely,GAS,6706/6-1,Norwegian Sea,,2003,2450045,,4705
6707/10-1 Aasta Hansteen,Equinor Energy AS,Producing,GAS,6707/10-1,Norwegian Sea,AASTA HANSTEEN,1997,44954,23395946.0,3075
6707/10-2 A,Equinor Energy AS,Production is unlikely,GAS,6707/10-2 A,Norwegian Sea,,2008,5125172,,5931
6707/10-2 S,Equinor Energy AS,Included in other discovery,GAS,6707/10-2 S,Norwegian Sea,AASTA HANSTEEN,2008,5081127,23395946.0,5918
6707/10-3 S (Ivory),Spirit Energy Norway AS,Production is unlikely,GAS,6707/10-3 S,Norwegian Sea,,2014,25594096,,7550
7/11-1 Cod,ConocoPhillips Skandinavia AS,Shut down,GAS/CONDENSATE,7/11-1,North Sea,COD,1968,44960,43785.0,149
7/11-12 A,,Production is unlikely,GAS,7/11-12 A,North Sea,,2011,21139643,,6655
7/11-5 Mime,Aker BP ASA,Shut down,OIL,7/11-5,North Sea,MIME,1982,44966,43792.0,42
7/11-7,ConocoPhillips Skandinavia AS,Included in other discovery,OIL,7/11-7,North Sea,COD,1983,23296230,43785.0,57
7/12-2 Ula,Aker BP ASA,Producing,OIL,7/12-2,North Sea,ULA,1976,44972,43800.0,295
7/12-5 (Ula North),Aker BP ASA,Production is unlikely,OIL,7/12-5,North Sea,,1981,44978,,299
7/7-2 Brynhild,Lundin Energy Norway AS,Shut down,OIL,7/7-2,North Sea,BRYNHILD,1992,44984,21123063.0,1868
7/8-3 (Krabbe),Aker BP ASA,Production is unlikely,OIL,7/8-3,North Sea,,1983,44990,,28
7019/1-1,,Production is unlikely,GAS,7019/1-1,Barents Sea,,2000,1340799,,4145
7119/12-3,,Production is unlikely,GAS,7119/12-3,Barents Sea,,1983,44996,,17
7120/1-2,Lundin Energy Norway AS,Production is unlikely,OIL,7120/1-2,Barents Sea,,1989,3000739,,1366
7120/12-2 (Alke Sør),Vår Energi AS,Production in clarification phase,GAS,7120/12-2,Barents Sea,,1981,45002,,122
7120/12-3 (Alke Nord),Vår Energi AS,Included in other discovery,GAS,7120/12-3,Barents Sea,,1983,45008,,8
7120/1-3 (Gohta),Lundin Energy Norway AS,Production likely but unclarified,OIL/GAS,7120/1-3,Barents Sea,,2013,23761885,,7210
7120/2-3 S (Skalle),Lundin Energy Norway AS,Production is unlikely,GAS,7120/2-3 S,Barents Sea,,2011,20485020,,6592
7120/7-1 (Askeladd Vest),Equinor Energy AS,Included in other discovery,GAS,7120/7-1,Barents Sea,SNØHVIT,1982,45014,2053062.0,85
7120/7-2 (Askeladd Sentral),Equinor Energy AS,Included in other discovery,GAS,7120/7-2,Barents Sea,SNØHVIT,1983,45020,2053062.0,18
7120/8-1 (Askeladd),Equinor Energy AS,Included in other discovery,GAS,7120/8-1,Barents Sea,SNØHVIT,1981,45026,2053062.0,120
7120/9-1 (Albatross),Equinor Energy AS,Included in other discovery,GAS,7120/9-1,Barents Sea,SNØHVIT,1982,45032,2053062.0,82
7121/4-1 Snøhvit,Equinor Energy AS,Producing,OIL/GAS,7121/4-1,Barents Sea,SNØHVIT,1984,45038,2053062.0,135
7121/4-2 (Snøhvit Nord),Equinor Energy AS,Included in other discovery,GAS,7121/4-2,Barents Sea,SNØHVIT,1985,45044,2053062.0,461
7121/5-2 (Snøhvit Beta),Equinor Energy AS,Production likely but unclarified,OIL/GAS,7121/5-2,Barents Sea,,1986,45050,,907
7121/7-2 (Albatross Sør),Equinor Energy AS,Included in other discovery,GAS,7121/7-2,Barents Sea,SNØHVIT,1986,45062,2053062.0,881
7121/8-1 (Blåmann),,Production is unlikely,GAS,7121/8-1,Barents Sea,,2017,29468757,,8159
7122/6-1 (Tornerose),Equinor Energy AS,Production likely but unclarified,GAS/CONDENSATE,7122/6-1,Barents Sea,,1987,45068,,1140
7122/7-1 Goliat,Vår Energi AS,Producing,OIL/GAS,7122/7-1,Barents Sea,GOLIAT,2000,1340775,5774394.0,4173
7122/7-3,Vår Energi AS,Included in other discovery,OIL,7122/7-3,Barents Sea,GOLIAT,2006,4001397,5774394.0,5214
7122/7-4 S (Klappmys),Vår Energi AS,Included in other discovery,OIL,7122/7-4 S,Barents Sea,GOLIAT,2006,4213452,5774394.0,5406
7124/3-1 (Bamse),,Production is unlikely,OIL/GAS,7124/3-1,Barents Sea,,1987,45074,,1066
7125/1-1 (Binne),,Production is unlikely,OIL,7125/1-1,Barents Sea,,1988,4055254,,1350
7125/4-1 (Nucula),Equinor Energy AS,Production is unlikely,OIL/GAS,7125/4-1,Barents Sea,,2007,4445929,,5450
7128/4-1 (Omd Vest),,Production is unlikely,OIL/GAS,7128/4-1,Barents Sea,,1994,45080,,2049
7130/4-1 (Ørnen),,Production is unlikely,GAS,7130/4-1,Barents Sea,,2016,27395608,,7788
7219/12-1 (Filicudi),Lundin Energy Norway AS,Production not evaluated,OIL/GAS,7219/12-1,Barents Sea,,2017,29346456,,8024
7219/12-2 S (Hufsa),Equinor Energy AS,Production is unlikely,GAS,7219/12-2 S,Barents Sea,,2017,29927530,,8216
7219/8-2 (Iskrystall),Equinor Energy AS,Production likely but unclarified,GAS,7219/8-2,Barents Sea,,2013,23762803,,7225
7219/9-2 (Kayak),Equinor Energy AS,Production not evaluated,OIL,7219/9-2,Barents Sea,,2017,29447699,,8193
7220/10-1 (Salina),Lundin Energy Norway AS,Production is unlikely,GAS,7220/10-1,Barents Sea,,2012,22468264,,7015
7220/11-1 (Alta),Lundin Energy Norway AS,Production likely but unclarified,OIL/GAS,7220/11-1,Barents Sea,,2014,25288497,,7503
7220/2-1 (Isfjell),Equinor Energy AS,Production is unlikely,GAS,7220/2-1,Barents Sea,,2014,25165539,,7558
7220/4-1 (Kramsnø),Equinor Energy AS,Production likely but unclarified,GAS,7220/4-1,Barents Sea,,2014,24567434,,7307
7220/5-2 (Nunatak),Equinor Energy AS,Production is unlikely,GAS,7220/5-2,Barents Sea,,2013,23411997,,7166
7220/5-3 (Skruis),Equinor Energy AS,Production likely but unclarified,OIL,7220/5-3,Barents Sea,,2018,33310096,,8539
7220/6-2 R (Neiden),Lundin Energy Norway AS,Production not evaluated,OIL/GAS,7220/6-2 R,Barents Sea,,2016,28608758,,8026
7220/7-1 (Havis),Equinor Energy AS,Included in other discovery,OIL/GAS,7220/7-1,Barents Sea,JOHAN CASTBERG,2012,21334480,32017325.0,6756
7220/7-2 S (Skavl),Equinor Energy AS,Production likely but unclarified,OIL/GAS,7220/7-2 S,Barents Sea,,2013,23873319,,7252
7220/7-3 S (Drivis),Equinor Energy AS,Included in other discovery,OIL/GAS,7220/7-3 S,Barents Sea,JOHAN CASTBERG,2014,24624378,32017325.0,7414
7220/8-1 Johan Castberg,Equinor Energy AS,Approved for production,OIL/GAS,7220/8-1,Barents Sea,JOHAN CASTBERG,2011,20441001,32017325.0,6484
7221/12-1 (Svanefjell),,Production is unlikely,GAS,7221/12-1,Barents Sea,,2018,32016591,,8441
7222/11-1 (Caurus),,Production is unlikely,GAS,7222/11-1,Barents Sea,,2008,5081995,,5916
7222/11-2 (Langlitinden),,Production is unlikely,OIL,7222/11-2,Barents Sea,,2014,24612286,,7317
7222/6-1 S (Obesum),Aker BP ASA,Production is unlikely,OIL/GAS,7222/6-1 S,Barents Sea,,2008,4972681,,5755
7223/5-1,,Production is unlikely,GAS,7223/5-1,Barents Sea,,2009,18400160,,5960
7224/6-1 (Arenaria),,Production is unlikely,GAS,7224/6-1,Barents Sea,,2008,5010074,,5835
7225/3-1 (Norvarg),,Production is unlikely,GAS,7225/3-1,Barents Sea,,2011,20499790,,6587
7226/11-1,Lundin Energy Norway AS,Production is unlikely,GAS,7226/11-1,Barents Sea,,1988,45086,,1177
7226/2-1 (Ververis),,Production is unlikely,GAS,7226/2-1,Barents Sea,,2008,5010034,,5807
7228/7-1 (Pandora),,Production is unlikely,OIL/GAS,7228/7-1 A,Barents Sea,,2001,1630384,,4257
7316/5-1,,Production is unlikely,GAS,7316/5-1,Barents Sea,,1992,45092,,1987
7319/12-1 (Pingvin),,Production is unlikely,GAS,7319/12-1,Barents Sea,,2014,25143600,,7555
7324/3-1 (Intrepid Eagle),,Production is unlikely,GAS,7324/3-1,Barents Sea,,2018,33341442,,8568
7324/6-1 (Sputnik),,Production is unlikely,OIL,7324/6-1,Barents Sea,,2019,34949172,,8741
7324/7-2 (Hanssen),Equinor Energy AS,Included in other discovery,OIL,7324/7-2,Barents Sea,,2014,24700556,,7450
7324/8-1 (Wisting),Equinor Energy AS,Production in clarification phase,OIL,7324/8-1,Barents Sea,,2013,23761893,,7221
7324/9-1 (Mercury),,Production is unlikely,GAS,7324/9-1,Barents Sea,,2014,24700566,,7527
7325/1-1 (Atlantis),,Production is unlikely,GAS,7325/1-1,Barents Sea,,2014,24689817,,7501
7325/4-1 (Gemini Nord),,Production is unlikely,GAS,7325/4-1,Barents Sea,,2017,29469097,,8211
7435/12-1 (Korpfjell),,Production is unlikely,GAS,7435/12-1,Barents Sea,,2017,29491696,,8228
8/10-4 S Oda,Spirit Energy Norway AS,Producing,OIL,8/10-4 S,North Sea,ODA,2011,21118177,29412516.0,6630
9/2-1 Yme,Repsol Norge AS,Approved for production,OIL,9/2-1,North Sea,YME,1987,45098,43807.0,1038
9/2-3,Repsol Norge AS,Included in other discovery,OIL,9/2-3,North Sea,YME,1990,45104,43807.0,1294
9/2-6 S,Repsol Norge AS,Included in other discovery,OIL,9/2-6 S,North Sea,YME,1996,45110,43807.0,2867
9/2-7 S,Repsol Norge AS,Included in other discovery,OIL,9/2-7 S,North Sea,YME,1997,45116,43807.0,3087
9/2-9 S,Repsol Norge AS,Included in other discovery,OIL,9/2-9 S,North Sea,YME,1999,112160,43807.0,3703
